name,position,team,GW,OPP,Pts,Mins.P,Gls_S,Assists,Cln_Sht,Gls_Csd,Own_gls,Pen_Sc,Pen_Msd,YC,RC,Saves,Bonus,BPS,Inf,Crt,Thrt,ICT,Net_T,SB,price_£
Bruno Miguel Borges Fernandes,Midfielder,Man Utd,30,BHA (H) 2 - 1,5,90,0,1,0,1,0,0,0,0,0,0,0,24,42.4,48.4,38.0,12.9,233834,4758105,11.5
Harry Kane,Forward,Spurs,30,NEW (A) 2 - 2,13,90,2,0,0,2,0,0,0,0,0,0,3,50,78.2,4.9,126.0,20.9,169312,3836834,11.6
Heung-Min Son,Midfielder,Spurs,30,NEW (A) 2 - 2,1,45,0,0,0,1,0,0,0,0,0,0,0,4,3.2,3.7,4.0,1.1,-318829,3505985,9.4
Mohamed Salah,Midfielder,Liverpool,30,ARS (A) 0 - 3,8,90,1,0,1,0,0,0,0,0,0,0,0,20,35.8,17.4,91.0,14.4,13576,2363814,12.4
Emiliano Martínez,Goalkeeper,Aston Villa,30,FUL (H) 3 - 1,4,90,0,0,0,1,0,0,0,0,0,6,0,21,39.0,0.0,0.0,3.9,1494,3383221,5.4
Patrick Bamford,Forward,Leeds,30,SHU (H) 2 - 1,2,64,0,0,0,1,0,0,0,0,0,0,0,4,8.6,31.6,48.0,8.8,31509,3994734,6.7
Jamie Vardy,Forward,Leicester,30,MCI (H) 0 - 2,2,90,0,0,0,2,0,0,0,0,0,0,0,7,4.2,1.5,0.0,0.6,-19411,1512599,10.1
Marcus Rashford,Midfielder,Man Utd,30,BHA (H) 2 - 1,8,71,1,0,0,1,0,0,0,0,0,0,1,25,48.2,22.6,42.0,11.3,12055,722009,9.5
Ollie Watkins,Forward,Aston Villa,30,FUL (H) 3 - 1,7,90,1,0,0,1,0,0,0,0,0,0,1,25,36.4,13.3,49.0,9.9,-119638,2161095,6.6
Stuart Dallas,Defender,Leeds,30,SHU (H) 2 - 1,2,90,0,0,0,1,0,0,0,0,0,0,0,13,6.2,14.5,16.0,3.7,7247,2076554,5.1
Dominic Calvert-Lewin,Forward,Everton,30,CRY (H) 1 - 1,2,90,0,0,0,1,0,0,0,0,0,0,0,-1,14.4,15.3,28.0,5.8,65519,2979067,7.6
Illan Meslier,Goalkeeper,Leeds,30,SHU (H) 2 - 1,2,90,0,0,0,1,0,0,0,0,0,0,0,8,3.6,0.0,0.0,0.4,11197,570869,4.7
Ederson Santana de Moraes,Goalkeeper,Man City,30,LEI (A) 0 - 2,5,90,0,0,1,0,0,0,0,1,0,2,0,21,13.2,0.0,0.0,1.3,-12126,779404,6.1
Ilkay Gündogan,Midfielder,Man City,30,LEI (A) 0 - 2,0,0,0,0,0,0,0,0,0,0,0,0,0,0,0.0,0.0,0.0,0.0,10715,2858488,6.1
James Ward-Prowse,Midfielder,Southampton,30,BUR (H) 3 - 2,2,90,0,0,0,2,0,0,0,0,0,0,0,15,21.2,17.8,12.0,5.1,659,812568,5.9
Mason Mount,Midfielder,Chelsea,30,WBA (H) 2 - 5,6,45,1,0,0,3,0,0,0,0,0,0,0,18,39.0,6.4,40.0,8.5,219264,1355802,7.1
Raheem Sterling,Midfielder,Man City,30,LEI (A) 0 - 2,4,27,0,1,0,0,0,0,0,0,0,0,0,14,17.4,10.9,4.0,3.2,-47066,479278,11.4
Aaron Cresswell,Defender,West Ham,30,WOL (A) 2 - 3,1,90,0,0,0,2,0,0,0,0,0,0,0,11,6.6,14.3,0.0,2.1,-7051,2332090,5.9
Nick Pope,Goalkeeper,Burnley,30,SOU (A) 3 - 2,2,90,0,0,0,3,0,0,0,0,0,5,0,20,35.2,0.0,0.0,3.5,-16578,1054947,5.5
Sadio Mané,Midfielder,Liverpool,30,ARS (A) 0 - 3,6,90,0,1,1,0,0,0,0,0,0,0,0,15,31.2,15.8,46.0,9.3,7032,396390,11.8
Rúben Santos Gato Alves Dias,Defender,Man City,30,LEI (A) 0 - 2,6,90,0,0,1,0,0,0,0,0,0,0,0,26,23.4,3.4,0.0,2.7,12059,1960438,6.1
Hugo Lloris,Goalkeeper,Spurs,30,NEW (A) 2 - 2,2,90,0,0,0,2,0,0,0,0,0,4,0,18,30.2,0.0,0.0,3.0,-3680,530992,5.6
Jack Harrison,Midfielder,Leeds,30,SHU (H) 2 - 1,13,90,1,1,0,1,0,0,0,0,0,0,3,34,44.6,12.2,63.0,12.0,-3212,243134,5.4
Riyad Mahrez,Midfielder,Man City,30,LEI (A) 0 - 2,3,78,0,0,1,0,0,0,0,0,0,0,0,0,9.8,15.4,44.0,6.9,59876,620100,8.2
Aaron Wan-Bissaka,Defender,Man Utd,30,BHA (H) 2 - 1,2,90,0,0,0,1,0,0,0,0,0,0,0,12,13.0,29.8,0.0,4.3,13584,1380844,5.7
Matheus Pereira,Midfielder,West Brom,30,CHE (A) 2 - 5,21,90,2,2,0,2,0,0,0,0,0,0,3,69,114.4,40.8,66.0,22.1,-6709,98328,5.3
Tomas Soucek,Midfielder,West Ham,30,WOL (A) 2 - 3,1,90,0,0,0,2,0,0,0,1,0,0,0,7,7.6,11.2,2.0,2.1,-29585,1159993,5.3
Sam Johnstone,Goalkeeper,West Brom,30,CHE (A) 2 - 5,5,90,0,1,0,2,0,0,0,0,0,5,0,32,50.8,10.0,0.0,6.1,-320,200217,4.5
Jarrod Bowen,Midfielder,West Ham,30,WOL (A) 2 - 3,6,54,1,0,0,2,0,0,0,0,0,0,0,16,34.8,2.3,40.0,7.7,-3019,135709,5.9
Jack Grealish,Midfielder,Aston Villa,30,FUL (H) 3 - 1,0,0,0,0,0,0,0,0,0,0,0,0,0,0,0.0,0.0,0.0,0.0,-22329,1424878,7.5
Andrew Robertson,Defender,Liverpool,30,ARS (A) 0 - 3,7,60,0,0,1,0,0,0,0,0,0,0,1,33,16.0,21.8,2.0,4.0,-15898,1081796,7.1
João Pedro Cavaco Cancelo,Defender,Man City,30,LEI (A) 0 - 2,0,0,0,0,0,0,0,0,0,0,0,0,0,0,0.0,0.0,0.0,0.0,-67288,1641327,6.1
Kevin De Bruyne,Midfielder,Man City,30,LEI (A) 0 - 2,3,87,0,0,1,0,0,0,0,0,0,0,0,19,12.2,44.3,2.0,5.9,157851,1586998,11.9
Edouard Mendy,Goalkeeper,Chelsea,30,WBA (H) 2 - 5,0,90,0,0,0,5,0,0,0,0,0,2,0,12,16.4,0.0,0.0,1.6,136837,751648,5.2
James Maddison,Midfielder,Leicester,30,MCI (H) 0 - 2,1,18,0,0,0,1,0,0,0,0,0,0,0,2,2.2,1.4,18.0,2.2,9458,362766,7.1
Trent Alexander-Arnold,Defender,Liverpool,30,ARS (A) 0 - 3,12,90,0,1,1,0,0,0,0,0,0,0,3,39,39.4,57.1,14.0,11.1,626,1065502,7.3
Alexandre Lacazette,Forward,Arsenal,30,LIV (H) 0 - 3,2,90,0,0,0,3,0,0,0,0,0,0,0,0,10.2,0.6,2.0,1.3,-5182,482407,8.2
Lewis Dunk,Defender,Brighton,30,MUN (A) 2 - 1,1,90,0,0,0,2,0,0,0,0,0,0,0,12,23.6,0.2,17.0,4.1,-118069,681085,5.0
Chris Wood,Forward,Burnley,30,SOU (A) 3 - 2,10,90,1,1,0,3,0,0,0,0,0,0,1,34,58.4,13.3,88.0,16.0,4284,78931,6.2
Kasper Schmeichel,Goalkeeper,Leicester,30,MCI (H) 0 - 2,1,90,0,0,0,2,0,0,0,0,0,2,0,12,20.8,0.0,0.0,2.1,-15486,782218,5.4
Harvey Barnes,Midfielder,Leicester,30,MCI (H) 0 - 2,0,0,0,0,0,0,0,0,0,0,0,0,0,0,0.0,0.0,0.0,0.0,-44038,285183,6.7
Benjamin Chilwell,Defender,Chelsea,30,WBA (H) 2 - 5,0,0,0,0,0,0,0,0,0,0,0,0,0,0,0.0,0.0,0.0,0.0,26735,1027772,5.8
Rui Pedro dos Santos Patrício,Goalkeeper,Wolves,30,WHU (H) 2 - 3,2,90,0,0,0,3,0,0,0,0,0,3,0,13,22.8,0.0,0.0,2.3,-7327,328228,5.3
Pedro Lomba Neto,Midfielder,Wolves,30,WHU (H) 2 - 3,5,90,0,1,0,3,0,0,0,0,0,0,0,23,24.0,64.0,37.0,12.5,11973,568363,5.7
Harry Maguire,Defender,Man Utd,30,BHA (H) 2 - 1,2,90,0,0,0,1,0,0,0,0,0,0,0,17,27.4,5.8,18.0,5.1,12452,441721,5.5
Matt Targett,Defender,Aston Villa,30,FUL (H) 3 - 1,2,90,0,0,0,1,0,0,0,0,0,0,0,12,13.8,3.9,2.0,2.0,-26602,1210610,5.1
Wilfried Zaha,Midfielder,Crystal Palace,30,EVE (A) 1 - 1,2,90,0,0,0,1,0,0,0,0,0,0,0,12,15.2,35.9,46.0,9.7,31,711166,7.1
Youri Tielemans,Midfielder,Leicester,30,MCI (H) 0 - 2,2,90,0,0,0,2,0,0,0,0,0,0,0,9,14.6,20.8,25.0,6.0,-7645,305141,6.5
John Stones,Defender,Man City,30,LEI (A) 0 - 2,0,0,0,0,0,0,0,0,0,0,0,0,0,0,0.0,0.0,0.0,0.0,-9059,1836354,5.3
Luke Shaw,Defender,Man Utd,30,BHA (H) 2 - 1,2,90,0,0,0,1,0,0,0,0,0,0,0,15,12.4,22.3,0.0,3.5,168699,1213497,5.3
Callum Wilson,Forward,Newcastle,30,TOT (H) 2 - 2,0,0,0,0,0,0,0,0,0,0,0,0,0,0,0.0,0.0,0.0,0.0,-11573,436503,6.5
Pierre-Emerick Aubameyang,Midfielder,Arsenal,30,LIV (H) 0 - 3,2,76,0,0,0,2,0,0,0,0,0,0,0,10,14.2,26.2,2.0,4.2,-186675,781355,11.4
Lukasz Fabianski,Goalkeeper,West Ham,30,WOL (A) 2 - 3,2,90,0,0,0,2,0,0,0,0,0,3,0,15,24.0,0.0,0.0,2.4,-2450,256640,5.0
Leandro Trossard,Midfielder,Brighton,30,MUN (A) 2 - 1,2,62,0,0,0,1,0,0,0,0,0,0,0,3,5.4,2.4,2.0,1.0,-36804,233162,5.8
Phil Foden,Midfielder,Man City,30,LEI (A) 0 - 2,1,2,0,0,0,0,0,0,0,0,0,0,0,3,0.0,0.0,0.0,0.0,-37713,615475,6.1
Tyrone Mings,Defender,Aston Villa,30,FUL (H) 3 - 1,5,90,0,1,0,1,0,0,0,0,0,0,0,17,27.6,15.3,0.0,4.3,-10312,716689,5.4
Timo Werner,Forward,Chelsea,30,WBA (H) 2 - 5,5,90,0,1,0,5,0,0,0,0,0,0,0,29,23.0,23.6,18.0,6.5,16736,912584,9.2
Alphonse Areola,Goalkeeper,Fulham,30,AVL (A) 3 - 1,1,90,0,0,0,3,0,0,0,0,0,1,0,12,6.4,0.0,0.0,0.6,-6569,425863,4.6
Raphael Dias Belloli,Midfielder,Leeds,30,SHU (H) 2 - 1,6,90,0,1,0,1,0,0,0,0,0,0,1,24,35.0,43.9,49.0,12.8,72156,1377968,5.7
Danny Ings,Forward,Southampton,30,BUR (H) 3 - 2,11,85,1,1,0,2,0,0,0,0,0,0,2,39,59.6,22.4,122.0,20.4,-23287,479964,8.4
Che Adams,Forward,Southampton,30,BUR (H) 3 - 2,1,4,0,0,0,0,0,0,0,0,0,0,0,0,1.0,0.3,1.0,0.2,30167,446965,5.8
Vicente Guaita,Goalkeeper,Crystal Palace,30,EVE (A) 1 - 1,4,90,0,0,0,1,0,0,0,0,0,6,0,22,48.6,0.0,0.0,4.9,-3000,242796,4.8
Vladimir Coufal,Defender,West Ham,30,WOL (A) 2 - 3,4,90,0,1,0,2,0,0,0,0,0,0,0,24,36.2,26.2,0.0,6.2,-21529,436950,4.6
Gylfi Sigurdsson,Midfielder,Everton,30,CRY (H) 1 - 1,1,59,0,0,0,1,0,0,0,0,0,0,0,1,10.8,2.0,27.0,4.0,-1397,132487,6.8
Bernd Leno,Goalkeeper,Arsenal,30,LIV (H) 0 - 3,2,90,0,0,0,3,0,0,0,0,0,4,0,15,30.4,0.0,0.0,3.0,-6506,542290,5.0
Jonny Evans,Defender,Leicester,30,MCI (H) 0 - 2,1,90,0,0,0,2,0,0,0,0,0,0,0,13,9.6,0.3,6.0,1.6,-723,64391,5.5
Roberto Firmino,Forward,Liverpool,30,ARS (A) 0 - 3,2,77,0,0,1,0,0,0,0,0,0,0,0,16,7.0,18.5,11.0,3.7,-11477,248307,9.0
Richarlison de Andrade,Forward,Everton,30,CRY (H) 1 - 1,2,90,0,0,0,1,0,0,0,0,0,0,0,-4,8.2,24.9,67.0,10.0,-15615,777271,8.0
Ezri Konsa Ngoyo,Defender,Aston Villa,30,FUL (H) 3 - 1,2,90,0,0,0,1,0,0,0,0,0,0,0,13,10.6,0.0,18.0,2.9,-5431,575900,4.7
Bertrand Traoré,Midfielder,Aston Villa,30,FUL (H) 3 - 1,5,90,0,1,0,1,0,0,0,0,0,0,0,16,28.2,41.3,13.0,8.3,-14651,81983,5.9
Neal Maupay,Forward,Brighton,30,MUN (A) 2 - 1,2,90,0,0,0,2,0,0,0,0,0,0,0,12,11.8,16.9,4.0,3.3,-51352,276493,6.1
Michael Keane,Defender,Everton,30,CRY (H) 1 - 1,2,90,0,0,0,1,0,0,0,0,0,0,0,13,18.6,0.8,4.0,2.3,2217,492373,5.1
César Azpilicueta,Defender,Chelsea,30,WBA (H) 2 - 5,0,90,0,0,0,5,0,0,0,0,0,0,0,16,18.2,24.8,0.0,4.3,199663,682989,5.9
Reece James,Defender,Chelsea,30,WBA (H) 2 - 5,0,90,0,0,0,5,0,0,0,0,0,0,0,14,23.2,65.9,30.0,11.9,17490,518424,5.0
Dwight McNeil,Midfielder,Burnley,30,SOU (A) 3 - 2,2,90,0,0,0,3,0,0,0,0,0,0,0,16,18.0,17.1,2.0,3.7,907,32035,5.7
Kurt Zouma,Defender,Chelsea,30,WBA (H) 2 - 5,0,90,0,0,0,5,0,0,0,0,0,0,0,8,9.8,2.1,30.0,4.2,-4097,641942,5.3
Alisson Ramses Becker,Goalkeeper,Liverpool,30,ARS (A) 0 - 3,6,90,0,0,1,0,0,0,0,0,0,2,0,30,22.0,0.0,0.0,2.2,-570,474276,5.9
Bukayo Saka,Midfielder,Arsenal,30,LIV (H) 0 - 3,0,0,0,0,0,0,0,0,0,0,0,0,0,0,0.0,0.0,0.0,0.0,-103055,637035,5.2
John McGinn,Midfielder,Aston Villa,30,FUL (H) 3 - 1,2,90,0,0,0,1,0,0,0,0,0,0,0,12,9.8,13.9,23.0,4.7,-2893,79245,5.5
Michail Antonio,Forward,West Ham,30,WOL (A) 2 - 3,1,35,0,0,0,0,0,0,0,0,0,0,0,0,3.6,1.1,15.0,2.0,-50660,1152452,6.7
Gabriel Fernando de Jesus,Forward,Man City,30,LEI (A) 0 - 2,8,90,1,0,1,0,0,0,0,0,0,0,2,37,48.6,37.3,55.0,14.1,-14527,239062,9.2
Stuart Armstrong,Midfielder,Southampton,30,BUR (H) 3 - 2,7,78,1,0,0,2,0,0,0,0,0,0,0,28,51.6,31.3,47.0,13.0,879,31974,5.5
Pascal Groß,Midfielder,Brighton,30,MUN (A) 2 - 1,1,90,0,0,0,2,0,0,0,1,0,0,0,12,13.6,15.4,2.0,3.1,-10934,35833,5.8
Jorge Luiz Frello Filho,Midfielder,Chelsea,30,WBA (H) 2 - 5,2,71,0,0,0,4,0,0,0,0,0,0,0,12,7.6,16.4,0.0,2.4,11085,382688,4.7
Ola Aina,Defender,Fulham,30,AVL (A) 3 - 1,1,90,0,0,0,3,0,0,0,0,0,0,0,9,12.6,1.3,0.0,1.4,-28372,215306,4.6
Ademola Lookman,Midfielder,Fulham,30,AVL (A) 3 - 1,1,46,0,0,0,0,0,0,0,0,0,0,0,3,3.4,16.8,0.0,2.0,-41693,257098,5.1
James Justin,Defender,Leicester,30,MCI (H) 0 - 2,0,0,0,0,0,0,0,0,0,0,0,0,0,0,0.0,0.0,0.0,0.0,-27333,576342,4.9
Conor Coady,Defender,Wolves,30,WHU (H) 2 - 3,1,90,0,0,0,3,0,0,0,0,0,0,0,12,22.0,0.9,7.0,3.0,18923,392387,4.8
James Rodríguez,Midfielder,Everton,30,CRY (H) 1 - 1,11,78,1,0,1,0,0,0,0,0,0,0,3,39,39.2,31.3,22.0,9.3,2987,655151,7.7
Pablo Fornals,Midfielder,West Ham,30,WOL (A) 2 - 3,7,77,1,0,0,2,0,0,0,0,0,0,0,24,36.8,2.3,19.0,5.8,-1859,41506,5.9
Ben White,Defender,Brighton,30,MUN (A) 2 - 1,0,90,0,0,0,2,0,0,0,1,0,0,0,13,13.4,0.4,18.0,3.2,-21056,192496,4.5
Eberechi Eze,Midfielder,Crystal Palace,30,EVE (A) 1 - 1,2,90,0,0,0,1,0,0,0,0,0,0,0,9,11.8,4.8,28.0,4.5,-4239,68102,5.8
Nélson Cabral Semedo,Defender,Wolves,30,WHU (H) 2 - 3,1,90,0,0,0,3,0,0,0,0,0,0,0,13,19.8,19.8,2.0,4.2,1835,165259,5.2
Victor Lindelöf,Defender,Man Utd,30,BHA (H) 2 - 1,2,90,0,0,0,1,0,0,0,0,0,0,0,13,16.8,3.2,2.0,2.2,-203,101231,4.8
Aaron Ramsdale,Goalkeeper,Sheffield Utd,30,LEE (A) 2 - 1,4,90,0,0,0,2,0,0,0,0,0,7,1,24,46.8,0.0,0.0,4.7,364,137851,4.6
Rúben Diogo da Silva Neves,Midfielder,Wolves,30,WHU (H) 2 - 3,1,90,0,0,0,3,0,0,0,1,0,0,0,10,25.2,35.3,6.0,6.7,-1594,156899,5.1
James Tarkowski,Defender,Burnley,30,SOU (A) 3 - 2,1,90,0,0,0,3,0,0,0,0,0,0,0,11,29.4,0.3,4.0,3.4,-3745,199023,5.3
Ashley Westwood,Midfielder,Burnley,30,SOU (A) 3 - 2,2,90,0,0,0,3,0,0,0,0,0,0,0,11,15.8,2.8,0.0,1.9,-658,32709,5.3
Romain Saïss,Defender,Wolves,30,WHU (H) 2 - 3,1,90,0,0,0,3,0,0,0,0,0,0,0,19,25.8,1.1,0.0,2.7,2177,403768,4.9
Robert Sánchez,Goalkeeper,Brighton,30,MUN (A) 2 - 1,2,90,0,0,0,2,0,0,0,0,0,5,0,18,24.2,0.0,0.0,2.4,-17775,276049,4.5
Joël Veltman,Defender,Brighton,30,MUN (A) 2 - 1,1,90,0,0,0,2,0,0,0,0,0,0,0,11,11.0,1.2,0.0,1.2,-23479,155559,4.4
Lucas Digne,Defender,Everton,30,CRY (H) 1 - 1,1,90,0,0,0,1,0,0,0,1,0,0,0,11,9.0,38.0,6.0,5.3,2618,744395,6.2
Tanguy Ndombele,Midfielder,Spurs,30,NEW (A) 2 - 2,7,90,0,1,0,2,0,0,0,0,0,0,2,29,30.0,18.7,6.0,5.5,-2964,46437,5.9
Ben Mee,Defender,Burnley,30,SOU (A) 3 - 2,1,90,0,0,0,3,0,0,0,0,0,0,0,7,23.8,0.8,6.0,3.1,-16338,255470,4.9
Tosin Adarabioyo,Defender,Fulham,30,AVL (A) 3 - 1,1,90,0,0,0,3,0,0,0,0,0,0,0,10,20.6,0.0,2.0,2.3,-4935,63718,4.5
Matthew Lowton,Defender,Burnley,30,SOU (A) 3 - 2,1,90,0,0,0,3,0,0,0,0,0,0,0,13,12.8,15.6,2.0,3.0,-5632,196135,4.4
Héctor Bellerín,Defender,Arsenal,30,LIV (H) 0 - 3,0,0,0,0,0,0,0,0,0,0,0,0,0,0,0.0,0.0,0.0,0.0,-18002,323844,5.0
Kelechi Iheanacho,Forward,Leicester,30,MCI (H) 0 - 2,2,71,0,0,0,1,0,0,0,0,0,0,0,10,5.8,12.0,2.0,2.0,128493,280593,5.7
Jan Bednarek,Defender,Southampton,30,BUR (H) 3 - 2,1,90,0,0,0,2,0,0,0,0,0,0,0,17,27.0,10.8,6.0,4.4,-9550,476467,4.8
Jesse Lingard,Midfielder,West Ham,30,WOL (A) 2 - 3,12,90,1,1,0,2,0,0,0,1,0,0,3,35,55.4,13.0,36.0,10.4,258271,1379213,6.2
Jordan Pickford,Goalkeeper,Everton,30,CRY (H) 1 - 1,0,0,0,0,0,0,0,0,0,0,0,0,0,0,0.0,0.0,0.0,0.0,-12622,395945,4.8
Joachim Andersen,Defender,Fulham,30,AVL (A) 3 - 1,0,90,0,0,0,3,0,0,0,1,0,0,0,8,12.8,0.3,7.0,2.0,-24,43136,4.5
Timothy Castagne,Defender,Leicester,30,MCI (H) 0 - 2,1,90,0,0,0,2,0,0,0,0,0,0,0,15,20.8,5.4,0.0,2.6,-3285,320735,5.7
Bernardo Mota Veiga de Carvalho e Silva,Midfielder,Man City,30,LEI (A) 0 - 2,0,0,0,0,0,0,0,0,0,0,0,0,0,0,0.0,0.0,0.0,0.0,-4890,89471,7.4
Gareth Bale,Midfielder,Spurs,30,NEW (A) 2 - 2,1,2,0,0,0,0,0,0,0,0,0,0,0,2,0.0,0.0,1.0,0.0,-292512,931256,9.5
Mateusz Klich,Midfielder,Leeds,30,SHU (H) 2 - 1,1,9,0,0,0,0,0,0,0,0,0,0,0,3,1.2,10.3,0.0,1.2,-6780,206319,5.2
Anwar El Ghazi,Midfielder,Aston Villa,30,FUL (H) 3 - 1,2,61,0,0,0,1,0,0,0,0,0,0,0,7,4.8,11.2,14.0,3.0,-10449,81503,5.3
Kai Havertz,Midfielder,Chelsea,30,WBA (H) 2 - 5,1,18,0,0,0,1,0,0,0,0,0,0,0,1,3.0,10.8,8.0,2.2,37184,255188,8.2
Alex McCarthy,Goalkeeper,Southampton,30,BUR (H) 3 - 2,0,0,0,0,0,0,0,0,0,0,0,0,0,0,0.0,0.0,0.0,0.0,-36580,1057288,4.5
Pierre-Emile Højbjerg,Midfielder,Spurs,30,NEW (A) 2 - 2,2,90,0,0,0,2,0,0,0,0,0,0,0,18,27.4,3.8,1.0,3.2,-2424,76826,4.9
Rob Holding,Defender,Arsenal,30,LIV (H) 0 - 3,1,90,0,0,0,3,0,0,0,0,0,0,0,12,14.8,0.3,0.0,1.5,-24823,245511,4.2
Matthew Cash,Defender,Aston Villa,30,FUL (H) 3 - 1,2,90,0,0,0,1,0,0,0,0,0,0,0,15,20.0,23.9,4.0,4.8,238,65041,5.0
Thiago Thiago,Defender,Chelsea,30,WBA (H) 2 - 5,-4,28,0,0,0,5,0,0,0,0,1,0,0,-1,0.8,11.0,0.0,1.2,-1308,206050,5.6
Ezgjan Alioski,Defender,Leeds,30,SHU (H) 2 - 1,2,90,0,0,0,1,0,0,0,0,0,0,0,9,10.0,15.4,58.0,8.3,-1927,157956,4.3
David de Gea,Goalkeeper,Man Utd,30,BHA (H) 2 - 1,0,0,0,0,0,0,0,0,0,0,0,0,0,0,0.0,0.0,0.0,0.0,-974,292602,5.3
Miguel Almirón,Midfielder,Newcastle,30,TOT (H) 2 - 2,4,90,0,1,0,2,0,0,0,1,0,0,0,13,14.0,5.7,51.0,7.1,-131,28700,5.6
Georginio Wijnaldum,Midfielder,Liverpool,30,ARS (A) 0 - 3,1,12,0,0,0,0,0,0,0,0,0,0,0,3,4.8,1.6,7.0,1.3,-823,94733,5.3
Scott McTominay,Midfielder,Man Utd,30,BHA (H) 2 - 1,1,6,0,0,0,0,0,0,0,0,0,0,0,4,1.0,0.0,0.0,0.1,2080,67693,4.9
Mason Greenwood,Midfielder,Man Utd,30,BHA (H) 2 - 1,6,90,1,0,0,1,0,0,0,1,0,0,0,17,31.6,15.0,42.0,8.9,-2676,150899,7.0
David McGoldrick,Forward,Sheffield Utd,30,LEE (A) 2 - 1,1,90,0,0,0,2,0,0,0,1,0,0,0,8,6.8,28.3,4.0,3.9,-4149,113649,5.2
Angelo Ogbonna,Defender,West Ham,30,WOL (A) 2 - 3,0,0,0,0,0,0,0,0,0,0,0,0,0,0,0.0,0.0,0.0,0.0,-2725,68774,4.7
Kyle Walker,Defender,Man City,30,LEI (A) 0 - 2,6,90,0,0,1,0,0,0,0,0,0,0,0,24,13.8,11.3,0.0,2.5,-1763,396367,6.1
Kyle Walker-Peters,Defender,Southampton,30,BUR (H) 3 - 2,1,90,0,0,0,2,0,0,0,0,0,0,0,6,0.2,12.8,21.0,3.4,2706,336267,4.7
Luke Ayling,Defender,Leeds,30,SHU (H) 2 - 1,2,90,0,0,0,1,0,0,0,0,0,0,0,19,25.6,13.3,2.0,4.1,132,215889,4.4
Rodrigo Hernandez,Midfielder,Man City,30,LEI (A) 0 - 2,2,90,0,0,1,0,0,0,0,1,0,0,0,11,10.8,15.7,8.0,3.5,-293,33160,5.3
Paul Pogba,Midfielder,Man Utd,30,BHA (H) 2 - 1,7,83,0,1,0,1,0,0,0,0,0,0,2,27,31.6,26.3,12.0,7.0,14319,116333,7.6
Antonio Rüdiger,Defender,Chelsea,30,WBA (H) 2 - 5,0,0,0,0,0,0,0,0,0,0,0,0,0,0,0.0,0.0,0.0,0.0,105683,452309,4.7
Adama Traoré,Midfielder,Wolves,30,WHU (H) 2 - 3,6,90,0,1,0,3,0,0,0,0,0,0,1,25,30.0,18.0,19.0,6.7,-1184,392338,6.0
Andros Townsend,Midfielder,Crystal Palace,30,EVE (A) 1 - 1,0,0,0,0,0,0,0,0,0,0,0,0,0,0,0.0,0.0,0.0,0.0,-589,88616,5.5
Karl Darlow,Goalkeeper,Newcastle,30,TOT (H) 2 - 2,0,0,0,0,0,0,0,0,0,0,0,0,0,0,0.0,0.0,0.0,0.0,-6165,116827,5.0
Jannik Vestergaard,Defender,Southampton,30,BUR (H) 3 - 2,1,90,0,0,0,2,0,0,0,0,0,0,0,16,28.0,10.8,4.0,4.3,2807,262807,4.7
Sergio Reguilón,Defender,Spurs,30,NEW (A) 2 - 2,1,90,0,0,0,2,0,0,0,0,0,0,0,11,18.6,31.6,4.0,5.4,-21204,299586,5.5
Edinson Cavani,Forward,Man Utd,30,BHA (H) 2 - 1,1,81,0,0,0,1,0,0,0,1,0,0,0,3,0.8,1.8,6.0,0.9,2312,146011,7.8
Toby Alderweireld,Defender,Spurs,30,NEW (A) 2 - 2,0,0,0,0,0,0,0,0,0,0,0,0,0,0,0.0,0.0,0.0,0.0,-6291,154974,5.4
Serge Aurier,Defender,Spurs,30,NEW (A) 2 - 2,0,0,0,0,0,0,0,0,0,0,0,0,0,0,0.0,0.0,0.0,0.0,-1119,110594,5.2
Lucas Rodrigues Moura da Silva,Midfielder,Spurs,30,NEW (A) 2 - 2,2,63,0,0,0,1,0,0,0,0,0,0,0,7,5.6,2.9,0.0,0.9,4419,179459,6.6
Kieran Tierney,Defender,Arsenal,30,LIV (H) 0 - 3,1,45,0,0,0,0,0,0,0,0,0,0,0,4,1.0,0.9,0.0,0.2,-9023,481800,5.3
Christian Benteke,Forward,Crystal Palace,30,EVE (A) 1 - 1,2,76,0,0,0,1,0,0,0,0,0,0,0,5,3.2,13.8,26.0,4.3,-4442,63634,5.5
Ryan Bertrand,Defender,Southampton,30,BUR (H) 3 - 2,1,90,0,0,0,2,0,0,0,0,0,0,0,14,10.2,13.7,2.0,2.6,672,74001,5.0
Danny Welbeck,Forward,Brighton,30,MUN (A) 2 - 1,9,90,1,0,0,2,0,0,0,0,0,0,3,30,50.0,12.7,56.0,11.9,-4020,32591,5.5
Ivan Ricardo Neves Abreu Cavaleiro,Midfielder,Fulham,30,AVL (A) 3 - 1,1,43,0,0,0,3,0,0,0,0,0,0,0,6,4.6,0.8,0.0,0.5,-2364,12138,5.3
Declan Rice,Midfielder,West Ham,30,WOL (A) 2 - 3,0,0,0,0,0,0,0,0,0,0,0,0,0,0,0.0,0.0,0.0,0.0,-1970,187426,4.7
Adam Webster,Defender,Brighton,30,MUN (A) 2 - 1,0,0,0,0,0,0,0,0,0,0,0,0,0,0,0.0,0.0,0.0,0.0,-1811,71094,4.3
Diogo Jota,Midfielder,Liverpool,30,ARS (A) 0 - 3,12,29,2,0,0,0,0,0,0,1,0,0,2,38,67.0,1.1,52.0,12.0,195307,514882,6.7
Anthony Martial,Forward,Man Utd,30,BHA (H) 2 - 1,0,0,0,0,0,0,0,0,0,0,0,0,0,0,0.0,0.0,0.0,0.0,-5617,288139,8.6
Allan Saint-Maximin,Midfielder,Newcastle,30,TOT (H) 2 - 2,1,19,0,0,0,0,0,0,0,0,0,0,0,4,3.6,10.6,0.0,1.4,-1228,181986,5.1
Kyle Bartley,Defender,West Brom,30,CHE (A) 2 - 5,1,90,0,0,0,2,0,0,0,0,0,0,0,16,22.8,0.2,0.0,2.3,325,29755,4.4
Darnell Furlong,Defender,West Brom,30,CHE (A) 2 - 5,4,90,0,1,0,2,0,0,0,0,0,0,0,21,30.8,14.5,4.0,4.9,-54,16609,4.5
Callum Robinson,Forward,West Brom,30,CHE (A) 2 - 5,11,53,2,0,0,1,0,0,0,0,0,0,2,59,76.2,32.3,36.0,14.5,-1149,40433,5.2
Nicolas Pépé,Midfielder,Arsenal,30,LIV (H) 0 - 3,2,90,0,0,0,3,0,0,0,0,0,0,0,7,6.4,2.1,39.0,4.8,-16949,92642,7.6
Ben Godfrey,Defender,Everton,30,CRY (H) 1 - 1,1,14,0,0,0,1,0,0,0,0,0,0,0,5,2.2,0.2,2.0,0.4,-2261,30626,5.0
Bobby Decordova-Reid,Forward,Fulham,30,AVL (A) 3 - 1,1,90,0,0,0,3,0,0,0,1,0,0,0,-1,8.6,0.6,33.0,4.2,-12436,56234,5.3
Cheikhou Kouyaté,Midfielder,Crystal Palace,30,EVE (A) 1 - 1,2,90,0,0,0,1,0,0,0,0,0,0,0,14,13.6,10.8,0.0,2.4,-86,26362,4.8
Leander Dendoncker,Midfielder,Wolves,30,WHU (H) 2 - 3,9,90,1,0,0,3,0,0,0,0,0,0,2,30,38.8,2.3,24.0,6.5,-128,39389,4.6
Daniel Castelo Podence,Midfielder,Wolves,30,WHU (H) 2 - 3,1,45,0,0,0,3,0,0,0,0,0,0,0,9,7.8,43.6,28.0,7.9,-943,75094,5.3
Charlie Taylor,Defender,Burnley,30,SOU (A) 3 - 2,0,57,0,0,0,2,0,0,0,0,0,0,0,11,26.0,15.4,0.0,4.1,-3193,113216,4.4
Mason Holgate,Defender,Everton,30,CRY (H) 1 - 1,2,90,0,0,0,1,0,0,0,0,0,0,0,12,20.4,13.7,0.0,3.4,-1280,73766,4.8
Ross Barkley,Midfielder,Aston Villa,30,FUL (H) 3 - 1,0,0,0,0,0,0,0,0,0,0,0,0,0,0,0.0,0.0,0.0,0.0,-4267,69104,5.9
Yves Bissouma,Midfielder,Brighton,30,MUN (A) 2 - 1,2,90,0,0,0,2,0,0,0,0,0,0,0,16,24.2,1.6,0.0,2.6,-1322,122696,4.4
Christian Pulisic,Midfielder,Chelsea,30,WBA (H) 2 - 5,6,45,1,0,0,2,0,0,0,0,0,0,0,21,36.6,13.0,19.0,6.9,2493,137936,8.2
Abdoulaye Doucouré,Midfielder,Everton,30,CRY (H) 1 - 1,0,0,0,0,0,0,0,0,0,0,0,0,0,0,0.0,0.0,0.0,0.0,-2664,53758,5.2
Ferran Torres,Midfielder,Man City,30,LEI (A) 0 - 2,1,11,0,0,0,0,0,0,0,0,0,0,0,2,0.0,0.0,0.0,0.0,-180,63757,6.9
André-Frank Zambo Anguissa,Midfielder,Fulham,30,AVL (A) 3 - 1,0,0,0,0,0,0,0,0,0,0,0,0,0,0,0.0,0.0,0.0,0.0,-2961,116168,4.5
Solomon March,Midfielder,Brighton,30,MUN (A) 2 - 1,0,0,0,0,0,0,0,0,0,0,0,0,0,0,0.0,0.0,0.0,0.0,-732,32695,5.0
Tammy Abraham,Forward,Chelsea,30,WBA (H) 2 - 5,0,0,0,0,0,0,0,0,0,0,0,0,0,0,0.0,0.0,0.0,0.0,-1918,165789,7.1
Eric Dier,Defender,Spurs,30,NEW (A) 2 - 2,0,0,0,0,0,0,0,0,0,0,0,0,0,0,0.0,0.0,0.0,0.0,-20837,203074,4.7
Willian Borges Da Silva,Midfielder,Arsenal,30,LIV (H) 0 - 3,0,0,0,0,0,0,0,0,0,0,0,0,0,0,0.0,0.0,0.0,0.0,-10898,226166,7.5
Wesley Fofana,Defender,Leicester,30,MCI (H) 0 - 2,1,90,0,0,0,2,0,0,0,0,0,0,0,20,15.0,0.9,0.0,1.6,852,29329,5.0
Wilfred Ndidi,Midfielder,Leicester,30,MCI (H) 0 - 2,1,82,0,0,0,2,0,0,0,1,0,0,0,6,11.0,2.1,0.0,1.3,1883,59839,4.8
Conor Townsend,Defender,West Brom,30,CHE (A) 2 - 5,1,90,0,0,0,2,0,0,0,0,0,0,0,5,6.4,1.3,3.0,1.1,238,9228,4.4
Granit Xhaka,Midfielder,Arsenal,30,LIV (H) 0 - 3,0,0,0,0,0,0,0,0,0,0,0,0,0,0,0.0,0.0,0.0,0.0,-1396,36092,5.2
Jordan Ayew,Forward,Crystal Palace,30,EVE (A) 1 - 1,2,83,0,0,0,1,0,0,0,0,0,0,0,9,11.6,13.3,21.0,4.6,-3375,123671,5.6
Harrison Reed,Midfielder,Fulham,30,AVL (A) 3 - 1,2,90,0,0,0,3,0,0,0,0,0,0,0,12,15.4,1.6,9.0,2.6,-117,52094,4.4
Joelinton Cássio Apolinário de Lira,Forward,Newcastle,30,TOT (H) 2 - 2,6,90,1,0,0,2,0,0,0,0,0,0,0,22,39.4,15.1,34.0,8.9,-6101,32520,5.7
Theo Walcott,Midfielder,Southampton,30,BUR (H) 3 - 2,5,86,0,1,0,2,0,0,0,0,0,0,0,15,21.4,22.7,47.0,9.1,-235,24129,5.8
Willy Boly,Defender,Wolves,30,WHU (H) 2 - 3,0,0,0,0,0,0,0,0,0,0,0,0,0,0,0.0,0.0,0.0,0.0,149,94318,5.4
Yerry Mina,Defender,Everton,30,CRY (H) 1 - 1,1,90,0,0,0,1,0,0,0,1,0,0,0,11,14.6,0.0,6.0,2.1,-304,142303,5.5
Conor Gallagher,Midfielder,West Brom,30,CHE (A) 2 - 5,0,0,0,0,0,0,0,0,0,0,0,0,0,0,0.0,0.0,0.0,0.0,-413,4675,5.5
João Filipe Iria Santos Moutinho,Midfielder,Wolves,30,WHU (H) 2 - 3,0,0,0,0,0,0,0,0,0,0,0,0,0,0,0.0,0.0,0.0,0.0,-562,69188,5.2
Douglas Luiz Soares de Paulo,Midfielder,Aston Villa,30,FUL (H) 3 - 1,1,73,0,0,0,1,0,0,0,1,0,0,0,10,15.8,12.2,4.0,3.2,-175,16770,4.8
Ainsley Maitland-Niles,Defender,West Brom,30,CHE (A) 2 - 5,1,90,0,0,0,2,0,0,0,0,0,0,0,6,16.2,1.0,1.0,1.8,-1362,69727,4.6
Craig Dawson,Defender,West Ham,30,WOL (A) 2 - 3,0,90,0,0,0,2,0,0,0,1,0,0,0,8,11.2,0.1,0.0,1.1,-4291,109735,4.5
Josh Brownhill,Midfielder,Burnley,30,SOU (A) 3 - 2,2,90,0,0,0,3,0,0,0,0,0,0,0,15,12.6,13.3,0.0,2.6,34,3427,4.9
Alex Iwobi,Midfielder,Everton,30,CRY (H) 1 - 1,0,0,0,0,0,0,0,0,0,0,0,0,0,0,0.0,0.0,0.0,0.0,-89,17135,5.9
Ruben Loftus-Cheek,Midfielder,Fulham,30,AVL (A) 3 - 1,2,82,0,0,0,2,0,0,0,0,0,0,0,9,10.4,12.5,10.0,3.3,-2940,17817,5.9
Hélder Wander Sousa de Azevedo e Costa,Midfielder,Leeds,30,SHU (H) 2 - 1,0,0,0,0,0,0,0,0,0,0,0,0,0,0,0.0,0.0,0.0,0.0,-1933,180050,5.0
Frederico Rodrigues de Paula Santos,Midfielder,Man Utd,30,BHA (H) 2 - 1,2,90,0,0,0,1,0,0,0,0,0,0,0,16,21.6,15.3,8.0,4.5,51,17058,5.3
Pascal Struijk,Defender,Leeds,30,SHU (H) 2 - 1,0,0,0,0,0,0,0,0,0,0,0,0,0,0,0.0,0.0,0.0,0.0,-433,454536,4.0
Jonjo Shelvey,Midfielder,Newcastle,30,TOT (H) 2 - 2,1,90,0,0,0,2,0,0,0,1,0,0,0,7,7.2,27.3,19.0,5.4,-2557,13878,5.3
Gabriel Magalhães,Defender,Arsenal,30,LIV (H) 0 - 3,0,90,0,0,0,3,0,0,0,1,0,0,0,4,14.0,0.4,0.0,1.4,-2524,367084,4.9
Daniel Ceballos Fernández,Midfielder,Arsenal,30,LIV (H) 0 - 3,1,57,0,0,0,0,0,0,0,0,0,0,0,4,17.0,2.3,0.0,1.9,-247,53427,4.7
Seamus Coleman,Defender,Everton,30,CRY (H) 1 - 1,11,75,0,1,1,0,0,0,0,0,0,0,2,37,30.8,40.5,2.0,7.3,-617,50380,4.8
Aleksandar Mitrović,Forward,Fulham,30,AVL (A) 3 - 1,8,90,1,0,0,3,0,0,0,0,0,0,2,31,45.6,13.9,62.0,12.2,-2482,271987,5.5
Oleksandr Zinchenko,Defender,Man City,30,LEI (A) 0 - 2,0,0,0,0,0,0,0,0,0,0,0,0,0,0,0.0,0.0,0.0,0.0,-1906,46097,5.5
John Fleck,Midfielder,Sheffield Utd,30,LEE (A) 2 - 1,2,90,0,0,0,2,0,0,0,0,0,0,0,12,6.4,13.8,0.0,2.0,636,10019,5.6
Matt Phillips,Midfielder,West Brom,30,CHE (A) 2 - 5,2,88,0,0,0,2,0,0,0,0,0,0,0,7,7.2,1.1,6.0,1.4,77,3847,5.1
Andreas Christensen,Defender,Chelsea,30,WBA (H) 2 - 5,-1,57,0,0,0,5,0,0,0,0,0,0,0,13,15.0,10.4,4.0,2.9,49012,117547,4.7
Luka Milivojevic,Midfielder,Crystal Palace,30,EVE (A) 1 - 1,2,90,0,0,0,1,0,0,0,0,0,0,0,18,14.6,2.8,0.0,1.7,1824,22435,5.6
Benjamin Mendy,Defender,Man City,30,LEI (A) 0 - 2,15,90,1,0,1,0,0,0,0,0,0,0,3,41,39.4,7.4,21.0,6.8,-200,99202,5.9
N'Golo Kanté,Midfielder,Chelsea,30,WBA (H) 2 - 5,0,0,0,0,0,0,0,0,0,0,0,0,0,0,0.0,0.0,0.0,0.0,-1480,191913,4.9
Hakim Ziyech,Midfielder,Chelsea,30,WBA (H) 2 - 5,1,32,0,0,0,0,0,0,0,0,0,0,0,2,4.6,2.7,2.0,0.9,23553,183252,7.9
Jairo Riedewald,Midfielder,Crystal Palace,30,EVE (A) 1 - 1,2,67,0,0,0,1,0,0,0,0,0,0,0,12,3.6,11.2,0.0,1.5,-1165,61391,4.4
Marc Albrighton,Midfielder,Leicester,30,MCI (H) 0 - 2,2,70,0,0,0,1,0,0,0,0,0,0,0,10,6.0,11.3,0.0,1.7,97,10159,5.2
Joel Ward,Defender,Crystal Palace,30,EVE (A) 1 - 1,2,90,0,0,0,1,0,0,0,0,0,0,0,13,13.6,16.7,0.0,3.0,1535,56423,4.3
Kalvin Phillips,Midfielder,Leeds,30,SHU (H) 2 - 1,2,90,0,0,0,1,0,0,0,0,0,0,0,13,14.6,17.6,8.0,4.0,-129,73137,4.9
Fabio Henrique Tavares,Midfielder,Liverpool,30,ARS (A) 0 - 3,6,90,0,1,1,0,0,0,0,0,0,0,0,22,13.2,5.8,1.0,2.0,333,64787,5.4
Fabio Silva,Forward,Wolves,30,WHU (H) 2 - 3,6,45,1,0,0,0,0,0,0,0,0,0,1,25,35.2,11.7,19.0,6.6,-2201,69837,5.2
Callum Hudson-Odoi,Midfielder,Chelsea,30,WBA (H) 2 - 5,0,0,0,0,0,0,0,0,0,0,0,0,0,0,0.0,0.0,0.0,0.0,-3168,38284,5.7
Jeffrey Schlupp,Midfielder,Crystal Palace,30,EVE (A) 1 - 1,4,22,0,1,0,0,0,0,0,0,0,0,0,14,19.8,10.6,6.0,3.6,-4,4544,5.3
Rodrigo Moreno,Forward,Leeds,30,SHU (H) 2 - 1,0,25,0,0,0,0,0,0,0,1,0,0,0,2,9.0,1.1,7.0,1.7,-5534,157684,5.7
Aymeric Laporte,Defender,Man City,30,LEI (A) 0 - 2,7,90,0,0,1,0,0,0,0,0,0,0,1,27,12.2,3.2,0.0,1.5,-277,175115,6.0
Saïd Benrahma,Midfielder,West Ham,30,WOL (A) 2 - 3,1,12,0,0,0,0,0,0,0,0,0,0,0,0,0.4,0.3,0.0,0.1,-1158,15584,6.0
Mahmoud Ahmed Ibrahim Hassan,Midfielder,Aston Villa,30,FUL (H) 3 - 1,14,28,2,0,0,0,0,0,0,0,0,0,3,38,61.4,1.3,42.0,10.5,-310,36708,5.2
Antonee Robinson,Defender,Fulham,30,AVL (A) 3 - 1,0,0,0,0,0,0,0,0,0,0,0,0,0,0,0.0,0.0,0.0,0.0,-852,15946,4.4
Jordan Henderson,Midfielder,Liverpool,30,ARS (A) 0 - 3,0,0,0,0,0,0,0,0,0,0,0,0,0,0,0.0,0.0,0.0,0.0,-926,74215,5.4
Jacob Murphy,Midfielder,Newcastle,30,TOT (H) 2 - 2,2,82,0,0,0,2,0,0,0,0,0,0,0,14,22.0,30.2,40.0,9.2,-1034,4912,4.9
Nathan Redmond,Midfielder,Southampton,30,BUR (H) 3 - 2,13,90,1,1,0,2,0,0,0,0,0,0,3,43,62.6,42.5,72.0,17.7,707,16487,6.4
Adam Lallana,Midfielder,Brighton,30,MUN (A) 2 - 1,2,87,0,0,0,2,0,0,0,0,0,0,0,11,13.0,1.4,2.0,1.6,-9375,35123,6.2
Mbaye Diagne,Forward,West Brom,30,CHE (A) 2 - 5,9,90,1,1,0,2,0,0,0,1,0,0,1,35,39.2,14.8,25.0,7.9,-6161,26943,6.0
Max Kilman,Defender,Wolves,30,WHU (H) 2 - 3,0,0,0,0,0,0,0,0,0,0,0,0,0,0,0.0,0.0,0.0,0.0,-9172,518197,3.9
Matej Vydra,Forward,Burnley,30,SOU (A) 3 - 2,6,77,1,0,0,3,0,0,0,0,0,0,0,33,39.0,12.0,15.0,6.6,2487,78975,4.8
Patrick van Aanholt,Defender,Crystal Palace,30,EVE (A) 1 - 1,2,90,0,0,0,1,0,0,0,0,0,0,0,13,12.2,3.8,13.0,2.9,-841,31391,5.4
Mario Lemina,Midfielder,Fulham,30,AVL (A) 3 - 1,2,82,0,0,0,2,0,0,0,0,0,0,0,8,10.8,30.8,0.0,4.2,230,24109,4.5
Dan Burn,Defender,Brighton,30,MUN (A) 2 - 1,0,0,0,0,0,0,0,0,0,0,0,0,0,0,0.0,0.0,0.0,0.0,-5924,57377,4.2
Mateo Kovacic,Midfielder,Chelsea,30,WBA (H) 2 - 5,1,90,0,0,0,5,0,0,0,1,0,0,0,11,21.0,19.5,18.0,5.9,342,23095,5.3
Liam Cooper,Defender,Leeds,30,SHU (H) 2 - 1,2,90,0,0,0,1,0,0,0,0,0,0,0,11,12.2,1.1,0.0,1.3,-1119,32533,4.3
George Baldock,Defender,Sheffield Utd,30,LEE (A) 2 - 1,1,44,0,0,0,1,0,0,0,0,0,0,0,5,10.0,0.0,0.0,1.0,528,66333,4.9
Ben Davies,Defender,Liverpool,30,ARS (A) 0 - 3,0,0,0,0,0,0,0,0,0,0,0,0,0,0,0.0,0.0,0.0,0.0,-41,1900,4.8
Jay Rodriguez,Forward,Burnley,30,SOU (A) 3 - 2,1,12,0,0,0,0,0,0,0,0,0,0,0,3,0.0,0.3,0.0,0.0,-2313,33255,5.8
Fernando Luiz Rosa,Defender,Man City,30,LEI (A) 0 - 2,5,90,0,0,1,0,0,0,0,1,0,0,0,16,7.2,3.0,0.0,1.0,-133,54512,5.4
Oriol Romeu Vidal,Midfielder,Southampton,30,BUR (H) 3 - 2,0,0,0,0,0,0,0,0,0,0,0,0,0,0,0.0,0.0,0.0,0.0,-2640,122510,4.5
Emile Smith Rowe,Midfielder,Arsenal,30,LIV (H) 0 - 3,0,0,0,0,0,0,0,0,0,0,0,0,0,0,0.0,0.0,0.0,0.0,-11093,175847,4.2
Erik Pieters,Defender,Burnley,30,SOU (A) 3 - 2,4,32,0,1,0,1,0,0,0,0,0,0,0,13,6.2,0.3,6.0,1.3,-1092,37726,4.3
Ayoze Pérez,Midfielder,Leicester,30,MCI (H) 0 - 2,2,90,0,0,0,2,0,0,0,0,0,0,0,14,8.6,1.3,0.0,1.0,163,49146,6.0
Jeff Hendrick,Midfielder,Newcastle,30,TOT (H) 2 - 2,0,0,0,0,0,0,0,0,0,0,0,0,0,0,0.0,0.0,0.0,0.0,-1467,101774,4.5
Rayan Ait Nouri,Defender,Wolves,30,WHU (H) 2 - 3,1,89,0,0,0,3,0,0,0,0,0,0,0,11,7.8,2.3,8.0,1.8,-72,8250,5.0
Ashley Barnes,Forward,Burnley,30,SOU (A) 3 - 2,0,0,0,0,0,0,0,0,0,0,0,0,0,0,0.0,0.0,0.0,0.0,-2211,19690,6.0
Marcos Alonso,Defender,Chelsea,30,WBA (H) 2 - 5,3,90,0,1,0,5,0,0,0,0,0,0,0,15,11.4,3.8,52.0,6.7,35800,242853,5.7
Kenny Tete,Defender,Fulham,30,AVL (A) 3 - 1,1,90,0,0,0,3,0,0,0,0,0,0,0,20,40.8,42.9,19.0,10.3,-1219,16249,4.3
Çaglar Söyüncü,Defender,Leicester,30,MCI (H) 0 - 2,0,0,0,0,0,0,0,0,0,0,0,0,0,0,0.0,0.0,0.0,0.0,-3164,245819,5.3
Joseph Willock,Midfielder,Newcastle,30,TOT (H) 2 - 2,6,11,1,0,0,0,0,0,0,0,0,0,0,20,33.4,0.4,35.0,6.9,-3032,14379,4.7
John Lundstram,Midfielder,Sheffield Utd,30,LEE (A) 2 - 1,1,90,0,0,0,2,0,0,0,1,0,0,0,9,5.0,1.1,0.0,0.6,85,109345,4.9
Oluwasemilogo Adesewo Ibidapo Ajayi,Defender,West Brom,30,CHE (A) 2 - 5,1,90,0,0,0,2,0,0,0,0,0,0,0,10,24.8,0.3,2.0,2.7,-218,15636,4.8
Ciaran Clark,Defender,Newcastle,30,TOT (H) 2 - 2,0,0,0,0,0,0,0,0,0,0,0,0,0,0,0.0,0.0,0.0,0.0,-2655,14415,4.5
Oliver Norwood,Midfielder,Sheffield Utd,30,LEE (A) 2 - 1,2,64,0,0,0,2,0,0,0,0,0,0,0,9,8.2,12.8,8.0,2.9,32,10265,4.5
Johann Berg Gudmundsson,Midfielder,Burnley,30,SOU (A) 3 - 2,2,89,0,0,0,3,0,0,0,0,0,0,0,15,15.6,3.1,2.0,2.1,32,3440,5.4
Olivier Giroud,Forward,Chelsea,30,WBA (H) 2 - 5,0,0,0,0,0,0,0,0,0,0,0,0,0,0,0.0,0.0,0.0,0.0,-3222,106209,6.7
James McArthur,Midfielder,Crystal Palace,30,EVE (A) 1 - 1,0,0,0,0,0,0,0,0,0,0,0,0,0,0,0.0,0.0,0.0,0.0,-58,6936,5.2
André Filipe Tavares Gomes,Midfielder,Everton,30,CRY (H) 1 - 1,1,30,0,0,0,0,0,0,0,0,0,0,0,6,1.4,10.9,0.0,1.2,62,17659,5.3
Matt Doherty,Defender,Spurs,30,NEW (A) 2 - 2,0,0,0,0,0,0,0,0,0,0,0,0,0,0,0.0,0.0,0.0,0.0,-8288,333523,5.6
Steven Bergwijn,Midfielder,Spurs,30,NEW (A) 2 - 2,0,0,0,0,0,0,0,0,0,0,0,0,0,0,0.0,0.0,0.0,0.0,-585,30786,7.0
Mohamed Naser El Sayed Elneny,Midfielder,Arsenal,30,LIV (H) 0 - 3,1,32,0,0,0,3,0,0,0,0,0,0,0,3,0.0,0.4,0.0,0.0,-964,83583,4.2
Robbie Brady,Midfielder,Burnley,30,SOU (A) 3 - 2,0,0,0,0,0,0,0,0,0,0,0,0,0,0,0.0,0.0,0.0,0.0,-61,4321,5.0
Curtis Jones,Midfielder,Liverpool,30,ARS (A) 0 - 3,0,0,0,0,0,0,0,0,0,0,0,0,0,0,0.0,0.0,0.0,0.0,-2593,66835,4.4
Jamaal Lascelles,Defender,Newcastle,30,TOT (H) 2 - 2,1,90,0,0,0,2,0,0,0,0,0,0,0,9,16.0,1.7,22.0,4.0,-14278,140660,4.2
Ethan Ampadu,Defender,Sheffield Utd,30,LEE (A) 2 - 1,1,45,0,0,0,1,0,0,0,0,0,0,0,8,14.2,0.6,0.0,1.5,324,35233,4.3
Oliver Burke,Midfielder,Sheffield Utd,30,LEE (A) 2 - 1,1,25,0,0,0,0,0,0,0,0,0,0,0,-1,1.0,2.6,1.0,0.5,7866,139249,4.1
Oliver McBurnie,Forward,Sheffield Utd,30,LEE (A) 2 - 1,5,76,0,1,0,2,0,0,0,0,0,0,0,14,8.4,2.3,32.0,4.3,59,14927,5.6
Alexis Mac Allister,Midfielder,Brighton,30,MUN (A) 2 - 1,1,27,0,0,0,1,0,0,0,0,0,0,0,3,5.8,0.8,0.0,0.7,-228,3308,5.3
James Milner,Midfielder,Liverpool,30,ARS (A) 0 - 3,3,90,0,0,1,0,0,0,0,0,0,0,0,13,9.6,22.9,7.0,4.0,2,8780,5.3
Jamal Lewis,Defender,Newcastle,30,TOT (H) 2 - 2,0,0,0,0,0,0,0,0,0,0,0,0,0,0,0.0,0.0,0.0,0.0,-7545,108173,4.2
Moussa Djenepo,Midfielder,Southampton,30,BUR (H) 3 - 2,1,3,0,0,0,0,0,0,0,0,0,0,0,5,3.0,0.1,2.0,0.5,84,4486,5.4
Moussa Sissoko,Midfielder,Spurs,30,NEW (A) 2 - 2,0,0,0,0,0,0,0,0,0,0,0,0,0,0,0.0,0.0,0.0,0.0,-217,30211,4.7
Raúl Jiménez,Forward,Wolves,30,WHU (H) 2 - 3,0,0,0,0,0,0,0,0,0,0,0,0,0,0,0.0,0.0,0.0,0.0,-905,366918,8.1
Joel Matip,Defender,Liverpool,30,ARS (A) 0 - 3,0,0,0,0,0,0,0,0,0,0,0,0,0,0,0.0,0.0,0.0,0.0,-168,30479,5.4
John Egan,Defender,Sheffield Utd,30,LEE (A) 2 - 1,1,13,0,0,0,0,0,0,0,0,0,0,0,3,1.8,0.0,0.0,0.2,-932,133769,4.7
Ben Osborn,Midfielder,Sheffield Utd,30,LEE (A) 2 - 1,10,90,1,0,0,2,0,0,0,0,0,0,3,34,47.4,4.5,33.0,8.5,13,1968,4.7
Takumi Minamino,Midfielder,Southampton,30,BUR (H) 3 - 2,0,0,0,0,0,0,0,0,0,0,0,0,0,0,0.0,0.0,0.0,0.0,1306,41432,6.0
Davinson Sánchez,Defender,Spurs,30,NEW (A) 2 - 2,1,90,0,0,0,2,0,0,0,0,0,0,0,10,11.6,0.3,0.0,1.2,635,74888,5.2
Arthur Masuaku,Defender,West Ham,30,WOL (A) 2 - 3,5,66,0,1,0,1,0,0,0,0,0,0,0,20,28.0,22.1,2.0,5.2,-194,30516,4.3
David Luiz Moreira Marinho,Defender,Arsenal,30,LIV (H) 0 - 3,0,0,0,0,0,0,0,0,0,0,0,0,0,0,0.0,0.0,0.0,0.0,-5866,73624,5.4
Tom Davies,Midfielder,Everton,30,CRY (H) 1 - 1,2,90,0,0,0,1,0,0,0,0,0,0,0,9,12.2,2.9,0.0,1.5,-69,7086,5.2
Diego Llorente,Defender,Leeds,30,SHU (H) 2 - 1,2,90,0,0,0,1,0,0,0,0,0,0,0,12,12.4,0.4,18.0,3.1,-78,4174,4.4
Dara O'Shea,Defender,West Brom,30,CHE (A) 2 - 5,1,23,0,0,0,0,0,0,0,0,0,0,0,3,0.6,0.0,0.0,0.1,199,13310,4.2
Sébastien Haller,Forward,West Ham,30,WOL (A) 2 - 3,0,0,0,0,0,0,0,0,0,0,0,0,0,0,0.0,0.0,0.0,0.0,-75,17672,6.1
Michy Batshuayi,Forward,Crystal Palace,30,EVE (A) 1 - 1,6,6,1,0,0,0,0,0,0,0,0,0,1,26,33.0,0.5,19.0,5.3,-282,47783,5.7
Tyler Roberts,Midfielder,Leeds,30,SHU (H) 2 - 1,2,80,0,0,0,1,0,0,0,0,0,0,0,11,6.6,15.8,28.0,5.0,-579,7772,4.6
Isaac Hayden,Midfielder,Newcastle,30,TOT (H) 2 - 2,0,0,0,0,0,0,0,0,0,0,0,0,0,0,0.0,0.0,0.0,0.0,-477,4340,4.6
Thomas Partey,Midfielder,Arsenal,30,LIV (H) 0 - 3,2,90,0,0,0,3,0,0,0,0,0,0,0,17,17.8,1.8,8.0,2.8,49,22529,4.9
Gary Cahill,Defender,Crystal Palace,30,EVE (A) 1 - 1,2,90,0,0,0,1,0,0,0,0,0,0,0,13,12.0,0.6,2.0,1.5,96,15599,4.5
Ryan Fraser,Midfielder,Newcastle,30,TOT (H) 2 - 2,0,0,0,0,0,0,0,0,0,0,0,0,0,0,0.0,0.0,0.0,0.0,-2917,16926,5.6
Billy Sharp,Forward,Sheffield Utd,30,LEE (A) 2 - 1,0,0,0,0,0,0,0,0,0,0,0,0,0,0,0.0,0.0,0.0,0.0,-842,13114,5.5
Fabián Balbuena,Defender,West Ham,30,WOL (A) 2 - 3,0,0,0,0,0,0,0,0,0,0,0,0,0,0,0.0,0.0,0.0,0.0,-898,49351,4.2
Nampalys Mendy,Midfielder,Leicester,30,MCI (H) 0 - 2,1,7,0,0,0,0,0,0,0,0,0,0,0,3,0.2,0.0,0.0,0.0,-1894,130814,4.2
Dean Henderson,Goalkeeper,Man Utd,30,BHA (H) 2 - 1,2,90,0,0,0,1,0,0,0,0,0,2,0,11,17.4,0.0,0.0,1.7,877,119718,5.2
Daniel James,Midfielder,Man Utd,30,BHA (H) 2 - 1,1,18,0,0,0,0,0,0,0,0,0,0,0,3,3.0,10.3,4.0,1.7,231,21287,6.2
Federico Fernández,Defender,Newcastle,30,TOT (H) 2 - 2,0,0,0,0,0,0,0,0,0,0,0,0,0,0,0.0,0.0,0.0,0.0,-1182,38632,4.7
Chris Basham,Defender,Sheffield Utd,30,LEE (A) 2 - 1,0,0,0,0,0,0,0,0,0,0,0,0,0,0,0.0,0.0,0.0,0.0,-539,40274,4.6
Karlan Grant,Forward,West Brom,30,CHE (A) 2 - 5,0,0,0,0,0,0,0,0,0,0,0,0,0,0,0.0,0.0,0.0,0.0,15,2606,5.7
Issa Diop,Defender,West Ham,30,WOL (A) 2 - 3,0,90,0,0,0,2,0,0,0,1,0,0,0,9,23.2,10.1,0.0,3.3,-97,43994,4.3
Mathew Ryan,Goalkeeper,Arsenal,30,LIV (H) 0 - 3,0,0,0,0,0,0,0,0,0,0,0,0,0,0,0.0,0.0,0.0,0.0,-6416,490944,4.2
Aaron Connolly,Forward,Brighton,30,MUN (A) 2 - 1,0,0,0,0,0,0,0,0,0,0,0,0,0,0,0.0,0.0,0.0,0.0,-387,22871,5.2
Josh Maja,Forward,Fulham,30,AVL (A) 3 - 1,1,7,0,0,0,1,0,0,0,0,0,0,0,3,3.0,12.4,2.0,1.7,-27456,83780,5.5
Dennis Praet,Midfielder,Leicester,30,MCI (H) 0 - 2,0,0,0,0,0,0,0,0,0,0,0,0,0,0,0.0,0.0,0.0,0.0,7,12239,5.2
Robin Koch,Defender,Leeds,30,SHU (H) 2 - 1,1,1,0,0,0,0,0,0,0,0,0,0,0,3,1.2,0.0,0.0,0.1,-7,21480,4.3
Nathaniel Phillips,Defender,Liverpool,30,ARS (A) 0 - 3,6,90,0,0,1,0,0,0,0,0,0,0,0,25,23.8,2.1,2.0,2.8,11135,70700,4.0
Enda Stevens,Defender,Sheffield Utd,30,LEE (A) 2 - 1,1,90,0,0,0,2,0,0,0,0,0,0,0,10,15.6,1.6,0.0,1.7,-348,69339,5.0
Jayden Bogle,Defender,Sheffield Utd,30,LEE (A) 2 - 1,1,72,0,0,0,2,0,0,0,0,0,0,0,6,17.0,1.1,24.0,4.2,40,7556,4.3
Edward Nketiah,Forward,Arsenal,30,LIV (H) 0 - 3,0,0,0,0,0,0,0,0,0,0,0,0,0,0,0.0,0.0,0.0,0.0,-249,38342,5.4
Tyrick Mitchell,Defender,Crystal Palace,30,EVE (A) 1 - 1,0,0,0,0,0,0,0,0,0,0,0,0,0,0,0.0,0.0,0.0,0.0,-29264,948173,3.8
Thiago Alcántara do Nascimento,Midfielder,Liverpool,30,ARS (A) 0 - 3,3,90,0,0,1,0,0,0,0,0,0,0,0,15,11.4,18.5,0.0,3.0,-685,76574,5.5
Tariq Lamptey,Defender,Brighton,30,MUN (A) 2 - 1,0,0,0,0,0,0,0,0,0,0,0,0,0,0,0.0,0.0,0.0,0.0,-2980,189635,4.6
Scott Dann,Defender,Crystal Palace,30,EVE (A) 1 - 1,0,0,0,0,0,0,0,0,0,0,0,0,0,0,0.0,0.0,0.0,0.0,-409,37874,4.2
Allan Marques Loureiro,Midfielder,Everton,30,CRY (H) 1 - 1,0,0,0,0,0,0,0,0,0,0,0,0,0,0,0.0,0.0,0.0,0.0,8,49400,5.2
Sean Longstaff,Midfielder,Newcastle,30,TOT (H) 2 - 2,5,90,0,1,0,2,0,0,0,0,0,0,0,16,16.6,12.0,17.0,4.6,-41,5345,4.6
Jack Stephens,Defender,Southampton,30,BUR (H) 3 - 2,0,0,0,0,0,0,0,0,0,0,0,0,0,0,0.0,0.0,0.0,0.0,-352,18590,4.6
Willian José Da Silva,Forward,Wolves,30,WHU (H) 2 - 3,2,71,0,0,0,3,0,0,0,0,0,0,0,10,7.6,32.7,33.0,7.3,-709,12547,6.8
Grady Diangana,Midfielder,West Brom,30,CHE (A) 2 - 5,0,0,0,0,0,0,0,0,0,0,0,0,0,0,0.0,0.0,0.0,0.0,-28,13404,5.0
Romaine Sawyers,Midfielder,West Brom,30,CHE (A) 2 - 5,0,0,0,0,0,0,0,0,0,0,0,0,0,0,0.0,0.0,0.0,0.0,45,2439,4.6
Rhian Brewster,Forward,Sheffield Utd,30,LEE (A) 2 - 1,1,17,0,0,0,0,0,0,0,0,0,0,0,2,0.0,11.0,1.0,1.1,-13571,451265,4.3
Ahmed El Mohamady,Defender,Aston Villa,30,FUL (H) 3 - 1,0,0,0,0,0,0,0,0,0,0,0,0,0,0,0.0,0.0,0.0,0.0,-3273,34226,4.3
Martin Dubravka,Goalkeeper,Newcastle,30,TOT (H) 2 - 2,1,90,0,0,0,2,0,0,0,0,0,2,0,12,18.2,0.0,0.0,1.8,-4184,22689,4.8
Matt Ritchie,Midfielder,Newcastle,30,TOT (H) 2 - 2,2,90,0,0,0,2,0,0,0,0,0,0,0,11,14.4,20.3,16.0,5.1,-55,3302,4.9
Nemanja Matic,Midfielder,Man Utd,30,BHA (H) 2 - 1,0,0,0,0,0,0,0,0,0,0,0,0,0,0,0.0,0.0,0.0,0.0,-27,14853,4.7
Sander Berge,Midfielder,Sheffield Utd,30,LEE (A) 2 - 1,0,0,0,0,0,0,0,0,0,0,0,0,0,0,0.0,0.0,0.0,0.0,-21,6703,4.9
Giovani Lo Celso,Midfielder,Spurs,30,NEW (A) 2 - 2,1,87,0,0,0,2,0,0,0,1,0,0,0,10,6.2,6.6,2.0,1.5,82,29299,6.9
Steven Alzate,Midfielder,Brighton,30,MUN (A) 2 - 1,0,0,0,0,0,0,0,0,0,0,0,0,0,0,0.0,0.0,0.0,0.0,-1670,49710,4.2
Andy Carroll,Forward,Newcastle,30,TOT (H) 2 - 2,0,0,0,0,0,0,0,0,0,0,0,0,0,0,0.0,0.0,0.0,0.0,-646,25213,5.1
Cédric Soares,Defender,Arsenal,30,LIV (H) 0 - 3,0,45,0,0,0,3,0,0,0,0,0,0,0,4,7.4,2.5,17.0,2.7,-1045,22688,4.6
Pablo Marí,Defender,Arsenal,30,LIV (H) 0 - 3,0,0,0,0,0,0,0,0,0,0,0,0,0,0,0.0,0.0,0.0,0.0,-184,6629,4.4
Gabriel Teodoro Martinelli Silva,Midfielder,Arsenal,30,LIV (H) 0 - 3,1,13,0,0,0,1,0,0,0,0,0,0,0,3,2.0,0.8,0.0,0.3,-137,7896,4.9
Kortney Hause,Defender,Aston Villa,30,FUL (H) 3 - 1,0,0,0,0,0,0,0,0,0,0,0,0,0,0,0.0,0.0,0.0,0.0,-362,11215,4.4
Nathaniel Clyne,Defender,Crystal Palace,30,EVE (A) 1 - 1,0,0,0,0,0,0,0,0,0,0,0,0,0,0,0.0,0.0,0.0,0.0,-307,9214,4.5
Javier Manquillo,Defender,Newcastle,30,TOT (H) 2 - 2,1,7,0,0,0,0,0,0,0,0,0,0,0,3,1.4,0.3,0.0,0.2,-90,13921,4.2
Dwight Gayle,Forward,Newcastle,30,TOT (H) 2 - 2,2,70,0,0,0,2,0,0,0,0,0,0,0,1,6.2,12.6,78.0,9.7,-921,4672,5.9
Martin Ødegaard,Midfielder,Arsenal,30,LIV (H) 0 - 3,2,90,0,0,0,3,0,0,0,0,0,0,0,10,3.8,8.0,0.0,1.2,-9399,174757,6.0
Tom Cairney,Midfielder,Fulham,30,AVL (A) 3 - 1,0,0,0,0,0,0,0,0,0,0,0,0,0,0,0.0,0.0,0.0,0.0,-30,6333,5.2
Nathan Aké,Defender,Man City,30,LEI (A) 0 - 2,0,0,0,0,0,0,0,0,0,0,0,0,0,0,0.0,0.0,0.0,0.0,-391,195461,5.4
Eric Bailly,Defender,Man Utd,30,BHA (H) 2 - 1,0,0,0,0,0,0,0,0,0,0,0,0,0,0,0.0,0.0,0.0,0.0,-176,23045,4.8
Emil Krafth,Defender,Newcastle,30,TOT (H) 2 - 2,1,78,0,0,0,2,0,0,0,0,0,0,0,18,10.8,28.7,26.0,6.6,-1550,7106,4.2
Kean Bryan,Defender,Sheffield Utd,30,LEE (A) 2 - 1,0,0,0,0,0,0,0,0,0,0,0,0,0,0,0.0,0.0,0.0,0.0,625,33699,3.9
Ibrahima Diallo,Midfielder,Southampton,30,BUR (H) 3 - 2,2,90,0,0,0,2,0,0,0,0,0,0,0,10,13.8,3.5,16.0,3.3,108,1951,4.5
Erik Lamela,Midfielder,Spurs,30,NEW (A) 2 - 2,1,26,0,0,0,1,0,0,0,0,0,0,0,2,6.4,11.7,6.0,2.4,222,9954,5.7
Okay Yokuslu,Midfielder,West Brom,30,CHE (A) 2 - 5,2,90,0,0,0,2,0,0,0,0,0,0,0,18,23.0,11.2,7.0,4.1,146,970,4.5
Ryan Fredericks,Defender,West Ham,30,WOL (A) 2 - 3,0,0,0,0,0,0,0,0,0,0,0,0,0,0,0.0,0.0,0.0,0.0,-48,15543,4.2
Manuel Lanzini,Midfielder,West Ham,30,WOL (A) 2 - 3,0,0,0,0,0,0,0,0,0,0,0,0,0,0,0.0,0.0,0.0,0.0,-749,9186,6.4
Ricardo Domingos Barbosa Pereira,Defender,Leicester,30,MCI (H) 0 - 2,1,19,0,0,0,1,0,0,0,0,0,0,0,2,2.2,10.3,2.0,1.5,-13096,52951,5.9
Ozan Kabak,Defender,Liverpool,30,ARS (A) 0 - 3,6,83,0,0,1,0,0,0,0,0,0,0,0,22,4.0,0.8,0.0,0.5,1867,22754,5.0
Joe Rodon,Defender,Spurs,30,NEW (A) 2 - 2,2,90,0,0,0,2,0,0,0,0,0,0,1,24,46.8,0.5,0.0,4.7,342,3103,5.0
Mark Noble,Midfielder,West Ham,30,WOL (A) 2 - 3,2,90,0,0,0,2,0,0,0,0,0,0,0,18,16.8,1.2,0.0,1.8,-92,26850,4.5
Robin Olsen,Goalkeeper,Everton,30,CRY (H) 1 - 1,3,90,0,0,0,1,0,0,0,0,0,5,0,19,35.0,0.0,0.0,3.5,465,8513,4.5
Xherdan Shaqiri,Midfielder,Liverpool,30,ARS (A) 0 - 3,0,0,0,0,0,0,0,0,0,0,0,0,0,0,0.0,0.0,0.0,0.0,-24,6231,6.4
Sergio Agüero,Forward,Man City,30,LEI (A) 0 - 2,2,62,0,0,1,0,0,0,0,0,0,0,0,5,0.0,3.6,24.0,2.7,1379,100745,10.3
Ben Johnson,Defender,West Ham,30,WOL (A) 2 - 3,1,23,0,0,0,1,0,0,0,0,0,0,0,4,1.4,0.3,0.0,0.2,-3979,194760,3.9
Jack Cork,Midfielder,Burnley,30,SOU (A) 3 - 2,0,0,0,0,0,0,0,0,0,0,0,0,0,0,0.0,0.0,0.0,0.0,-19,1448,5.0
Kepa Arrizabalaga,Goalkeeper,Chelsea,30,WBA (H) 2 - 5,0,0,0,0,0,0,0,0,0,0,0,0,0,0,0.0,0.0,0.0,0.0,-63,45017,4.7
Christian Fuchs,Defender,Leicester,30,MCI (H) 0 - 2,0,0,0,0,0,0,0,0,0,0,0,0,0,0,0.0,0.0,0.0,0.0,-115,15886,4.5
Donny van de Beek,Midfielder,Man Utd,30,BHA (H) 2 - 1,1,8,0,0,0,0,0,0,0,0,0,0,0,3,0.0,0.0,0.0,0.0,-113,106690,6.6
Jake Livermore,Midfielder,West Brom,30,CHE (A) 2 - 5,1,1,0,0,0,0,0,0,0,0,0,0,0,2,0.0,0.1,0.0,0.0,-1,3725,4.7
Jacob Ramsey,Midfielder,Aston Villa,30,FUL (H) 3 - 1,1,16,0,0,0,0,0,0,0,0,0,0,0,3,6.4,1.6,0.0,0.8,2,7927,4.5
Fabian Schär,Defender,Newcastle,30,TOT (H) 2 - 2,0,0,0,0,0,0,0,0,0,0,0,0,0,0,0.0,0.0,0.0,0.0,-9,4902,4.9
Pablo Hernández Domínguez,Midfielder,Leeds,30,SHU (H) 2 - 1,0,0,0,0,0,0,0,0,0,0,0,0,0,0,0.0,0.0,0.0,0.0,-46,18708,5.7
Alex Nicolao Telles,Defender,Man Utd,30,BHA (H) 2 - 1,0,0,0,0,0,0,0,0,0,0,0,0,0,0,0.0,0.0,0.0,0.0,-477,43127,5.3
Vitor Ferreira,Midfielder,Wolves,30,WHU (H) 2 - 3,1,18,0,0,0,0,0,0,0,0,0,0,0,3,0.6,1.2,0.0,0.2,-15,2361,4.7
Conor Hourihane,Midfielder,Aston Villa,30,FUL (H) 3 - 1,0,0,0,0,0,0,0,0,0,0,0,0,0,0,0.0,0.0,0.0,0.0,-38,7457,5.9
Marvelous Nakamba,Midfielder,Aston Villa,30,FUL (H) 3 - 1,0,0,0,0,0,0,0,0,0,0,0,0,0,0,0.0,0.0,0.0,0.0,-426,35988,4.3
James McCarthy,Midfielder,Crystal Palace,30,EVE (A) 1 - 1,0,0,0,0,0,0,0,0,0,0,0,0,0,0,0.0,0.0,0.0,0.0,-629,60481,4.3
Daniel Amartey,Defender,Leicester,30,MCI (H) 0 - 2,0,90,0,0,0,2,0,0,0,1,0,0,0,11,10.8,0.5,0.0,1.1,918,117890,3.9
Juan Mata,Midfielder,Man Utd,30,BHA (H) 2 - 1,0,0,0,0,0,0,0,0,0,0,0,0,0,0,0.0,0.0,0.0,0.0,-68,10037,5.8
Fraser Forster,Goalkeeper,Southampton,30,BUR (H) 3 - 2,2,90,0,0,0,2,0,0,0,0,0,3,0,17,23.8,0.0,0.0,2.4,17227,495790,4.0
Branislav Ivanovic,Defender,West Brom,30,CHE (A) 2 - 5,1,12,0,0,0,1,0,0,0,0,0,0,0,3,0.0,0.0,0.0,0.0,-36,7043,4.4
Keinan Davis,Forward,Aston Villa,30,FUL (H) 3 - 1,4,23,0,1,0,0,0,0,0,0,0,0,0,17,22.0,14.3,2.0,3.8,-10351,625318,4.2
Alireza Jahanbakhsh,Midfielder,Brighton,30,MUN (A) 2 - 1,1,3,0,0,0,0,0,0,0,0,0,0,0,2,0.0,1.0,0.0,0.1,-32,2612,5.4
Bernard Anício Caldeira Duarte,Midfielder,Everton,30,CRY (H) 1 - 1,0,0,0,0,0,0,0,0,0,0,0,0,0,0,0.0,0.0,0.0,0.0,-124,10153,5.7
Paul Dummett,Defender,Newcastle,30,TOT (H) 2 - 2,0,90,0,0,0,2,0,0,0,1,0,0,0,8,9.8,0.9,0.0,1.1,-376,1975,4.4
Nathan Tella,Midfielder,Southampton,30,BUR (H) 3 - 2,0,0,0,0,0,0,0,0,0,0,0,0,0,0,0.0,0.0,0.0,0.0,642,27124,4.3
Bamidele Alli,Midfielder,Spurs,30,NEW (A) 2 - 2,0,0,0,0,0,0,0,0,0,0,0,0,0,0,0.0,0.0,0.0,0.0,-3726,48103,7.4
Fernando Marçal,Defender,Wolves,30,WHU (H) 2 - 3,0,0,0,0,0,0,0,0,0,0,0,0,0,0,0.0,0.0,0.0,0.0,-17,6820,4.7
Calum Chambers,Defender,Arsenal,30,LIV (H) 0 - 3,1,90,0,0,0,3,0,0,0,0,0,0,0,5,9.8,1.4,0.0,1.1,721,3901,4.5
Jamie Shackleton,Midfielder,Leeds,30,SHU (H) 2 - 1,0,0,0,0,0,0,0,0,0,0,0,0,0,0,0.0,0.0,0.0,0.0,-11,2152,4.8
Filip Krovinovic,Midfielder,West Brom,30,CHE (A) 2 - 5,0,0,0,0,0,0,0,0,0,0,0,0,0,0,0.0,0.0,0.0,0.0,-7,708,4.9
Luke Thomas,Defender,Leicester,30,MCI (H) 0 - 2,0,0,0,0,0,0,0,0,0,0,0,0,0,0,0.0,0.0,0.0,0.0,-635,16453,4.1
Cengiz Ünder,Midfielder,Leicester,30,MCI (H) 0 - 2,0,0,0,0,0,0,0,0,0,0,0,0,0,0,0.0,0.0,0.0,0.0,-44,3986,5.7
Andriy Yarmolenko,Midfielder,West Ham,30,WOL (A) 2 - 3,0,0,0,0,0,0,0,0,0,0,0,0,0,0,0.0,0.0,0.0,0.0,-36,5300,5.5
Jonathan Castro Otto,Defender,Wolves,30,WHU (H) 2 - 3,0,0,0,0,0,0,0,0,0,0,0,0,0,0,0.0,0.0,0.0,0.0,514,4207,5.4
James Tomkins,Defender,Crystal Palace,30,EVE (A) 1 - 1,0,0,0,0,0,0,0,0,0,0,0,0,0,0,0.0,0.0,0.0,0.0,-9,2131,4.4
Virgil van Dijk,Defender,Liverpool,30,ARS (A) 0 - 3,0,0,0,0,0,0,0,0,0,0,0,0,0,0,0.0,0.0,0.0,0.0,-1010,510506,6.2
Naby Keita,Midfielder,Liverpool,30,ARS (A) 0 - 3,0,0,0,0,0,0,0,0,0,0,0,0,0,0,0.0,0.0,0.0,0.0,-17,14067,5.2
Harry Winks,Midfielder,Spurs,30,NEW (A) 2 - 2,0,0,0,0,0,0,0,0,0,0,0,0,0,0,0.0,0.0,0.0,0.0,-46,7876,5.1
Jakub Moder,Midfielder,Brighton,30,MUN (A) 2 - 1,2,86,0,0,0,2,0,0,0,0,0,0,0,5,5.2,5.6,20.0,3.1,146,843,5.0
Kevin Long,Defender,Burnley,30,SOU (A) 3 - 2,0,0,0,0,0,0,0,0,0,0,0,0,0,0,0.0,0.0,0.0,0.0,-219,12352,4.3
Jean-Philippe Mateta,Forward,Crystal Palace,30,EVE (A) 1 - 1,1,13,0,0,0,0,0,0,0,0,0,0,0,5,5.2,0.1,17.0,2.2,-677,3903,5.5
Joe Bryan,Defender,Fulham,30,AVL (A) 3 - 1,0,0,0,0,0,0,0,0,0,0,0,0,0,0,0.0,0.0,0.0,0.0,-294,23481,4.5
Robert Snodgrass,Midfielder,West Brom,30,CHE (A) 2 - 5,0,0,0,0,0,0,0,0,0,0,0,0,0,0,0.0,0.0,0.0,0.0,8,5617,5.6
Hal Robson-Kanu,Forward,West Brom,30,CHE (A) 2 - 5,0,0,0,0,0,0,0,0,0,0,0,0,0,0,0.0,0.0,0.0,0.0,19,7032,5.2
Hamza Choudhury,Midfielder,Leicester,30,MCI (H) 0 - 2,0,0,0,0,0,0,0,0,0,0,0,0,0,0,0.0,0.0,0.0,0.0,17,4078,4.6
Ian Carlo Poveda-Ocampo,Midfielder,Leeds,30,SHU (H) 2 - 1,0,0,0,0,0,0,0,0,0,0,0,0,0,0,0.0,0.0,0.0,0.0,-57,21863,4.2
Alex Oxlade-Chamberlain,Midfielder,Liverpool,30,ARS (A) 0 - 3,0,0,0,0,0,0,0,0,0,0,0,0,0,0,0.0,0.0,0.0,0.0,-6,3973,6.3
DeAndre Yedlin,Defender,Newcastle,30,TOT (H) 2 - 2,0,0,0,0,0,0,0,0,0,0,0,0,0,0,0.0,0.0,0.0,0.0,-178,14137,4.3
Jack Robinson,Defender,Sheffield Utd,30,LEE (A) 2 - 1,0,0,0,0,0,0,0,0,0,0,0,0,0,0,0.0,0.0,0.0,0.0,15,6833,4.2
Lys Mousset,Forward,Sheffield Utd,30,LEE (A) 2 - 1,0,0,0,0,0,0,0,0,0,0,0,0,0,0,0.0,0.0,0.0,0.0,46,5458,5.8
Daniel N'Lundulu,Forward,Southampton,30,BUR (H) 3 - 2,0,0,0,0,0,0,0,0,0,0,0,0,0,0,0.0,0.0,0.0,0.0,-564,19128,4.5
Carlos Vinicius Alves Morais,Forward,Spurs,30,NEW (A) 2 - 2,1,45,0,0,0,1,0,0,0,0,0,0,0,1,2.0,1.0,2.0,0.5,406,8104,6.9
Shane Long,Forward,Southampton,30,BUR (H) 3 - 2,0,0,0,0,0,0,0,0,0,0,0,0,0,0,0.0,0.0,0.0,0.0,-335,36069,5.1
Adrián San Miguel del Castillo,Goalkeeper,Liverpool,30,ARS (A) 0 - 3,0,0,0,0,0,0,0,0,0,0,0,0,0,0,0.0,0.0,0.0,0.0,-80,29179,4.2
Morgan Sanson,Midfielder,Aston Villa,30,FUL (H) 3 - 1,2,66,0,0,0,1,0,0,0,0,0,0,0,8,6.6,3.7,3.0,1.3,-27,602,5.5
Josh Benson,Midfielder,Burnley,30,SOU (A) 3 - 2,0,0,0,0,0,0,0,0,0,0,0,0,0,0,0.0,0.0,0.0,0.0,-4,1786,4.5
Joshua King,Forward,Everton,30,CRY (H) 1 - 1,0,0,0,0,0,0,0,0,0,0,0,0,0,0,0.0,0.0,0.0,0.0,-530,7562,5.2
Caoimhin Kelleher,Goalkeeper,Liverpool,30,ARS (A) 0 - 3,0,0,0,0,0,0,0,0,0,0,0,0,0,0,0.0,0.0,0.0,0.0,-160,7867,4.5
Joseph Gomez,Defender,Liverpool,30,ARS (A) 0 - 3,0,0,0,0,0,0,0,0,0,0,0,0,0,0,0.0,0.0,0.0,0.0,-234,84645,5.2
Neco Williams,Defender,Liverpool,30,ARS (A) 0 - 3,0,0,0,0,0,0,0,0,0,0,0,0,0,0,0.0,0.0,0.0,0.0,4310,351189,3.8
Divock Origi,Forward,Liverpool,30,ARS (A) 0 - 3,0,0,0,0,0,0,0,0,0,0,0,0,0,0,0.0,0.0,0.0,0.0,-930,48714,5.1
Matthew Longstaff,Midfielder,Newcastle,30,TOT (H) 2 - 2,0,0,0,0,0,0,0,0,0,0,0,0,0,0,0.0,0.0,0.0,0.0,-29,1582,4.8
Mohammed Salisu,Defender,Southampton,30,BUR (H) 3 - 2,1,11,0,0,0,0,0,0,0,0,0,0,0,4,1.6,0.0,0.0,0.2,-146,6647,4.3
Ki-Jana Hoever,Defender,Wolves,30,WHU (H) 2 - 3,1,1,0,0,0,0,0,0,0,0,0,0,0,4,1.2,0.2,0.0,0.1,-4,3678,4.4
Davy Pröpper,Midfielder,Brighton,30,MUN (A) 2 - 1,0,0,0,0,0,0,0,0,0,0,0,0,0,0,0.0,0.0,0.0,0.0,-26,2587,4.7
Max Lowe,Defender,Sheffield Utd,30,LEE (A) 2 - 1,0,0,0,0,0,0,0,0,0,0,0,0,0,0,0.0,0.0,0.0,0.0,-4,4019,4.2
Owen Otasowie,Midfielder,Wolves,30,WHU (H) 2 - 3,0,0,0,0,0,0,0,0,0,0,0,0,0,0,0.0,0.0,0.0,0.0,-13,1601,4.5
Jimmy Dunne,Defender,Burnley,30,SOU (A) 3 - 2,0,0,0,0,0,0,0,0,0,0,0,0,0,0,0.0,0.0,0.0,0.0,-2609,352988,3.8
Dale Stephens,Midfielder,Burnley,30,SOU (A) 3 - 2,0,0,0,0,0,0,0,0,0,0,0,0,0,0,0.0,0.0,0.0,0.0,-2225,266767,4.2
Josh Onomah,Midfielder,Fulham,30,AVL (A) 3 - 1,1,7,0,0,0,1,0,0,0,0,0,0,0,0,0.0,0.3,11.0,1.0,-40,3017,4.6
Aboubakar Kamara,Midfielder,Fulham,30,AVL (A) 3 - 1,0,0,0,0,0,0,0,0,0,0,0,0,0,0,0.0,0.0,0.0,0.0,-11,3129,4.8
Japhet Tanganga,Defender,Spurs,30,NEW (A) 2 - 2,0,90,0,0,0,2,0,0,0,1,0,0,0,14,17.0,15.4,34.0,6.6,143,4388,4.9
Kamil Grosicki,Midfielder,West Brom,30,CHE (A) 2 - 5,0,0,0,0,0,0,0,0,0,0,0,0,0,0,0.0,0.0,0.0,0.0,8,2378,5.2
Morgan Gibbs-White,Midfielder,Wolves,30,WHU (H) 2 - 3,0,0,0,0,0,0,0,0,0,0,0,0,0,0,0.0,0.0,0.0,0.0,6,699,4.9
Emerson Palmieri dos Santos,Defender,Chelsea,30,WBA (H) 2 - 5,0,0,0,0,0,0,0,0,0,0,0,0,0,0,0.0,0.0,0.0,0.0,41,11228,4.7
Fabian Delph,Midfielder,Everton,30,CRY (H) 1 - 1,0,0,0,0,0,0,0,0,0,0,0,0,0,0,0.0,0.0,0.0,0.0,4,2696,4.8
Tim Ream,Defender,Fulham,30,AVL (A) 3 - 1,0,0,0,0,0,0,0,0,0,0,0,0,0,0,0.0,0.0,0.0,0.0,-41,8544,4.2
Darren Randolph,Goalkeeper,West Ham,30,WOL (A) 2 - 3,0,0,0,0,0,0,0,0,0,0,0,0,0,0,0.0,0.0,0.0,0.0,-283,15502,4.3
Andi Zeqiri,Forward,Brighton,30,MUN (A) 2 - 1,1,2,0,0,0,0,0,0,0,0,0,0,0,3,0.2,0.3,2.0,0.3,-136,6843,5.0
Neeskens Kebano,Midfielder,Fulham,30,AVL (A) 3 - 1,0,0,0,0,0,0,0,0,0,0,0,0,0,0,0.0,0.0,0.0,0.0,-14,2837,4.7
Rhys Williams,Defender,Liverpool,30,ARS (A) 0 - 3,1,6,0,0,0,0,0,0,0,0,0,0,0,3,2.2,0.1,0.0,0.2,-314,13735,4.0
Ahmed El-Sayed Hegazy,Defender,West Brom,30,CHE (A) 2 - 5,0,0,0,0,0,0,0,0,0,0,0,0,0,0,0.0,0.0,0.0,0.0,-41,9869,4.1
Bernardo Fernandes da Silva Junior,Defender,Brighton,30,MUN (A) 2 - 1,0,0,0,0,0,0,0,0,0,0,0,0,0,0,0.0,0.0,0.0,0.0,-4902,351806,3.9
Billy Gilmour,Midfielder,Chelsea,30,WBA (H) 2 - 5,0,0,0,0,0,0,0,0,0,0,0,0,0,0,0.0,0.0,0.0,0.0,-19,7730,4.4
Jonjoe Kenny,Defender,Everton,30,CRY (H) 1 - 1,0,0,0,0,0,0,0,0,0,0,0,0,0,0,0.0,0.0,0.0,0.0,-49,6620,4.3
William Smallbone,Midfielder,Southampton,30,BUR (H) 3 - 2,0,0,0,0,0,0,0,0,0,0,0,0,0,0,0.0,0.0,0.0,0.0,-6,11301,4.4
Kieran Gibbs,Defender,West Brom,30,CHE (A) 2 - 5,0,0,0,0,0,0,0,0,0,0,0,0,0,0,0.0,0.0,0.0,0.0,-51,12049,4.3
Kyle Edwards,Midfielder,West Brom,30,CHE (A) 2 - 5,0,0,0,0,0,0,0,0,0,0,0,0,0,0,0.0,0.0,0.0,0.0,28,1885,4.7
Charlie Austin,Forward,West Brom,30,CHE (A) 2 - 5,0,0,0,0,0,0,0,0,0,0,0,0,0,0,0.0,0.0,0.0,0.0,-53,11667,5.1
Mamadou Sakho,Defender,Crystal Palace,30,EVE (A) 1 - 1,0,0,0,0,0,0,0,0,0,0,0,0,0,0,0.0,0.0,0.0,0.0,-24,11583,4.4
Cenk Tosun,Forward,Everton,30,CRY (H) 1 - 1,0,0,0,0,0,0,0,0,0,0,0,0,0,0,0.0,0.0,0.0,0.0,-18,2489,6.0
Eric Garcia,Defender,Man City,30,LEI (A) 0 - 2,0,0,0,0,0,0,0,0,0,0,0,0,0,0,0.0,0.0,0.0,0.0,-5,12679,4.7
Phil Jagielka,Defender,Sheffield Utd,30,LEE (A) 2 - 1,-1,90,0,0,0,2,1,0,0,0,0,0,0,6,12.6,0.3,0.0,1.3,518,44332,3.9
Shkodran Mustafi,Defender,Arsenal,30,LIV (H) 0 - 3,0,0,0,0,0,0,0,0,0,0,0,0,0,0,0.0,0.0,0.0,0.0,-18,3413,5.0
Percy Tau,Midfielder,Brighton,30,MUN (A) 2 - 1,0,0,0,0,0,0,0,0,0,0,0,0,0,0,0.0,0.0,0.0,0.0,-75,1473,4.9
Bailey Peacock-Farrell,Goalkeeper,Burnley,30,SOU (A) 3 - 2,0,0,0,0,0,0,0,0,0,0,0,0,0,0,0.0,0.0,0.0,0.0,-1390,91609,4.0
Joel Mumbongo,Forward,Burnley,30,SOU (A) 3 - 2,0,0,0,0,0,0,0,0,0,0,0,0,0,0,0.0,0.0,0.0,0.0,-110,2936,4.5
Anthony Gordon,Midfielder,Everton,30,CRY (H) 1 - 1,0,0,0,0,0,0,0,0,0,0,0,0,0,0,0.0,0.0,0.0,0.0,-564,35399,4.3
Wes Morgan,Defender,Leicester,30,MCI (H) 0 - 2,0,0,0,0,0,0,0,0,0,0,0,0,0,0,0.0,0.0,0.0,0.0,-28,7871,4.4
Sidnei Tavares,Midfielder,Leicester,30,MCI (H) 0 - 2,0,0,0,0,0,0,0,0,0,0,0,0,0,0,0.0,0.0,0.0,0.0,36,227,4.4
Jack O'Connell,Defender,Sheffield Utd,30,LEE (A) 2 - 1,0,0,0,0,0,0,0,0,0,0,0,0,0,0,0.0,0.0,0.0,0.0,54,9434,4.7
Yan Valery,Defender,Southampton,30,BUR (H) 3 - 2,0,0,0,0,0,0,0,0,0,0,0,0,0,0,0.0,0.0,0.0,0.0,-27,4163,4.7
Sam Field,Midfielder,West Brom,30,CHE (A) 2 - 5,0,0,0,0,0,0,0,0,0,0,0,0,0,0,0.0,0.0,0.0,0.0,-3,996,4.8
Sead Kolasinac,Defender,Arsenal,30,LIV (H) 0 - 3,0,0,0,0,0,0,0,0,0,0,0,0,0,0,0.0,0.0,0.0,0.0,-23,8935,4.8
Reiss Nelson,Midfielder,Arsenal,30,LIV (H) 0 - 3,0,0,0,0,0,0,0,0,0,0,0,0,0,0,0.0,0.0,0.0,0.0,2,3555,5.1
Phil Bardsley,Defender,Burnley,30,SOU (A) 3 - 2,0,0,0,0,0,0,0,0,0,0,0,0,0,0,0.0,0.0,0.0,0.0,-31,12782,4.4
Lewis Richardson,Forward,Burnley,30,SOU (A) 3 - 2,1,1,0,0,0,0,0,0,0,0,0,0,0,3,0.0,0.0,0.0,0.0,-55,10762,4.5
João Virgínia,Goalkeeper,Everton,30,CRY (H) 1 - 1,0,0,0,0,0,0,0,0,0,0,0,0,0,0,0.0,0.0,0.0,0.0,405,6347,4.3
Moise Kean,Forward,Everton,30,CRY (H) 1 - 1,0,0,0,0,0,0,0,0,0,0,0,0,0,0,0.0,0.0,0.0,0.0,-26,14809,5.7
Terence Kongolo,Defender,Fulham,30,AVL (A) 3 - 1,0,0,0,0,0,0,0,0,0,0,0,0,0,0,0.0,0.0,0.0,0.0,-11,415,4.3
Francisco Casilla Cortés,Goalkeeper,Leeds,30,SHU (H) 2 - 1,0,0,0,0,0,0,0,0,0,0,0,0,0,0,0.0,0.0,0.0,0.0,-417,65437,4.2
Leif Davis,Defender,Leeds,30,SHU (H) 2 - 1,0,0,0,0,0,0,0,0,0,0,0,0,0,0,0.0,0.0,0.0,0.0,-1007,83670,3.9
Zack Steffen,Goalkeeper,Man City,30,LEI (A) 0 - 2,0,0,0,0,0,0,0,0,0,0,0,0,0,0,0.0,0.0,0.0,0.0,-45,5048,4.4
Axel Tuanzebe,Defender,Man Utd,30,BHA (H) 2 - 1,0,0,0,0,0,0,0,0,0,0,0,0,0,0,0.0,0.0,0.0,0.0,-47,7280,4.1
Brandon Williams,Defender,Man Utd,30,BHA (H) 2 - 1,0,0,0,0,0,0,0,0,0,0,0,0,0,0,0.0,0.0,0.0,0.0,-143,40976,4.2
Caleb Watts,Midfielder,Southampton,30,BUR (H) 3 - 2,0,0,0,0,0,0,0,0,0,0,0,0,0,0,0.0,0.0,0.0,0.0,9,380,4.5
David Button,Goalkeeper,West Brom,30,CHE (A) 2 - 5,0,0,0,0,0,0,0,0,0,0,0,0,0,0,0.0,0.0,0.0,0.0,3996,300196,3.9
Lee Peltier,Defender,West Brom,30,CHE (A) 2 - 5,0,0,0,0,0,0,0,0,0,0,0,0,0,0,0.0,0.0,0.0,0.0,328,5520,4.0
Rekeem Harper,Midfielder,West Brom,30,CHE (A) 2 - 5,0,0,0,0,0,0,0,0,0,0,0,0,0,0,0.0,0.0,0.0,0.0,-371,28320,4.3
Felipe Anderson Pereira Gomes,Midfielder,West Ham,30,WOL (A) 2 - 3,0,0,0,0,0,0,0,0,0,0,0,0,0,0,0.0,0.0,0.0,0.0,-14,9033,6.1
Patrick Cutrone,Forward,Wolves,30,WHU (H) 2 - 3,0,0,0,0,0,0,0,0,0,0,0,0,0,0,0.0,0.0,0.0,0.0,-5,411,5.9
Rúnar Alex Rúnarsson,Goalkeeper,Arsenal,30,LIV (H) 0 - 3,0,0,0,0,0,0,0,0,0,0,0,0,0,0,0.0,0.0,0.0,0.0,-10,4048,4.4
Wesley Moraes,Forward,Aston Villa,30,FUL (H) 3 - 1,0,0,0,0,0,0,0,0,0,0,0,0,0,0,0.0,0.0,0.0,0.0,-10,1039,6.0
José Izquierdo,Midfielder,Brighton,30,MUN (A) 2 - 1,0,0,0,0,0,0,0,0,0,0,0,0,0,0,0.0,0.0,0.0,0.0,-16,596,5.5
Jayson Molumby,Midfielder,Brighton,30,MUN (A) 2 - 1,0,0,0,0,0,0,0,0,0,0,0,0,0,0,0.0,0.0,0.0,0.0,-4,844,4.5
Reda Khadra,Midfielder,Brighton,30,MUN (A) 2 - 1,0,0,0,0,0,0,0,0,0,0,0,0,0,0,0.0,0.0,0.0,0.0,1,336,4.5
Willy Caballero,Goalkeeper,Chelsea,30,WBA (H) 2 - 5,0,0,0,0,0,0,0,0,0,0,0,0,0,0,0.0,0.0,0.0,0.0,-41,15731,4.6
Niels Nkounkou,Defender,Everton,30,CRY (H) 1 - 1,0,0,0,0,0,0,0,0,0,0,0,0,0,0,0.0,0.0,0.0,0.0,-72,13333,4.0
Jean-Philippe Gbamin,Midfielder,Everton,30,CRY (H) 1 - 1,1,11,0,0,0,1,0,0,0,0,0,0,0,1,3.8,0.9,0.0,0.5,10,278,5.0
Nathan Broadhead,Midfielder,Everton,30,CRY (H) 1 - 1,0,0,0,0,0,0,0,0,0,0,0,0,0,0,0.0,0.0,0.0,0.0,10,102,4.5
Marek Rodák,Goalkeeper,Fulham,30,AVL (A) 3 - 1,0,0,0,0,0,0,0,0,0,0,0,0,0,0,0.0,0.0,0.0,0.0,-183,20725,4.3
Maxime Le Marchand,Defender,Fulham,30,AVL (A) 3 - 1,0,0,0,0,0,0,0,0,0,0,0,0,0,0,0.0,0.0,0.0,0.0,-35,4274,4.1
Denis Odoi,Defender,Fulham,30,AVL (A) 3 - 1,0,0,0,0,0,0,0,0,0,0,0,0,0,0,0.0,0.0,0.0,0.0,-26,4837,4.2
Demarai Gray,Midfielder,Leicester,30,MCI (H) 0 - 2,0,0,0,0,0,0,0,0,0,0,0,0,0,0,0.0,0.0,0.0,0.0,-25,4978,5.1
Thakgalo Leshabela,Midfielder,Leicester,30,MCI (H) 0 - 2,0,0,0,0,0,0,0,0,0,0,0,0,0,0,0.0,0.0,0.0,0.0,26,305,4.4
Islam Slimani,Forward,Leicester,30,MCI (H) 0 - 2,0,0,0,0,0,0,0,0,0,0,0,0,0,0,0.0,0.0,0.0,0.0,-36,4515,4.9
Niall Huggins,Forward,Leeds,30,SHU (H) 2 - 1,0,0,0,0,0,0,0,0,0,0,0,0,0,0,0.0,0.0,0.0,0.0,-156,5195,4.5
Konstantinos Tsimikas,Defender,Liverpool,30,ARS (A) 0 - 3,0,0,0,0,0,0,0,0,0,0,0,0,0,0,0.0,0.0,0.0,0.0,-12,3105,4.9
Liam Delap,Forward,Man City,30,LEI (A) 0 - 2,0,0,0,0,0,0,0,0,0,0,0,0,0,0,0.0,0.0,0.0,0.0,-1409,75043,4.3
Shola Shoretire,Midfielder,Man Utd,30,BHA (H) 2 - 1,0,0,0,0,0,0,0,0,0,0,0,0,0,0,0.0,0.0,0.0,0.0,-3,190,4.5
Odion Ighalo,Forward,Man Utd,30,BHA (H) 2 - 1,0,0,0,0,0,0,0,0,0,0,0,0,0,0,0.0,0.0,0.0,0.0,-52,13192,6.1
Elliot Anderson,Midfielder,Newcastle,30,TOT (H) 2 - 2,0,0,0,0,0,0,0,0,0,0,0,0,0,0,0.0,0.0,0.0,0.0,-32,1432,4.5
Iliman Ndiaye,Midfielder,Sheffield Utd,30,LEE (A) 2 - 1,0,0,0,0,0,0,0,0,0,0,0,0,0,0,0.0,0.0,0.0,0.0,15,195,4.5
Antwoine Hackford,Forward,Sheffield Utd,30,LEE (A) 2 - 1,0,0,0,0,0,0,0,0,0,0,0,0,0,0,0.0,0.0,0.0,0.0,163,11251,4.4
Jake Vokins,Defender,Southampton,30,BUR (H) 3 - 2,0,0,0,0,0,0,0,0,0,0,0,0,0,0,0.0,0.0,0.0,0.0,-909,73625,3.9
Michael Obafemi,Forward,Southampton,30,BUR (H) 3 - 2,0,0,0,0,0,0,0,0,0,0,0,0,0,0,0.0,0.0,0.0,0.0,-290,55470,4.6
Dane Scarlett,Forward,Spurs,30,NEW (A) 2 - 2,0,0,0,0,0,0,0,0,0,0,0,0,0,0,0.0,0.0,0.0,0.0,-66,2337,4.5
John Ruddy,Goalkeeper,Wolves,30,WHU (H) 2 - 3,0,0,0,0,0,0,0,0,0,0,0,0,0,0,0.0,0.0,0.0,0.0,306,19321,4.3
Oskar Buur,Defender,Wolves,30,WHU (H) 2 - 3,0,0,0,0,0,0,0,0,0,0,0,0,0,0,0.0,0.0,0.0,0.0,-1835,126577,3.9
Rúben Gonçalo Silva Nascimento Vinagre,Defender,Wolves,30,WHU (H) 2 - 3,0,0,0,0,0,0,0,0,0,0,0,0,0,0,0.0,0.0,0.0,0.0,-167,58468,4.1
Matt Macey,Goalkeeper,Arsenal,30,LIV (H) 0 - 3,0,0,0,0,0,0,0,0,0,0,0,0,0,0,0.0,0.0,0.0,0.0,-1616,81007,4.0
Sokratis Papastathopoulos,Defender,Arsenal,30,LIV (H) 0 - 3,0,0,0,0,0,0,0,0,0,0,0,0,0,0,0.0,0.0,0.0,0.0,-6,4645,4.8
William Saliba,Defender,Arsenal,30,LIV (H) 0 - 3,0,0,0,0,0,0,0,0,0,0,0,0,0,0,0.0,0.0,0.0,0.0,-165,37818,4.0
Mesut Özil,Midfielder,Arsenal,30,LIV (H) 0 - 3,0,0,0,0,0,0,0,0,0,0,0,0,0,0,0.0,0.0,0.0,0.0,-74,41637,6.7
Lucas Torreira,Midfielder,Arsenal,30,LIV (H) 0 - 3,0,0,0,0,0,0,0,0,0,0,0,0,0,0,0.0,0.0,0.0,0.0,-12,6320,4.7
Matteo Guendouzi,Midfielder,Arsenal,30,LIV (H) 0 - 3,0,0,0,0,0,0,0,0,0,0,0,0,0,0,0.0,0.0,0.0,0.0,-10,4547,4.7
Tom Heaton,Goalkeeper,Aston Villa,30,FUL (H) 3 - 1,0,0,0,0,0,0,0,0,0,0,0,0,0,0,0.0,0.0,0.0,0.0,1,5924,4.5
Jed Steer,Goalkeeper,Aston Villa,30,FUL (H) 3 - 1,0,0,0,0,0,0,0,0,0,0,0,0,0,0,0.0,0.0,0.0,0.0,-822,362218,3.9
Ørjan Nyland,Goalkeeper,Aston Villa,30,FUL (H) 3 - 1,0,0,0,0,0,0,0,0,0,0,0,0,0,0,0.0,0.0,0.0,0.0,-3448,289246,4.0
Bjorn Engels,Defender,Aston Villa,30,FUL (H) 3 - 1,0,0,0,0,0,0,0,0,0,0,0,0,0,0,0.0,0.0,0.0,0.0,-14,5285,4.4
James Bree,Defender,Aston Villa,30,FUL (H) 3 - 1,0,0,0,0,0,0,0,0,0,0,0,0,0,0,0.0,0.0,0.0,0.0,-3,478,4.5
Frédéric Guilbert,Defender,Aston Villa,30,FUL (H) 3 - 1,0,0,0,0,0,0,0,0,0,0,0,0,0,0,0.0,0.0,0.0,0.0,-22,5160,4.3
Henri Lansbury,Midfielder,Aston Villa,30,FUL (H) 3 - 1,0,0,0,0,0,0,0,0,0,0,0,0,0,0,0.0,0.0,0.0,0.0,-32,6872,4.3
José Ignacio Peleteiro Romallo,Midfielder,Aston Villa,30,FUL (H) 3 - 1,0,0,0,0,0,0,0,0,0,0,0,0,0,0,0.0,0.0,0.0,0.0,-10,3197,5.9
Kaine Hayden,Midfielder,Aston Villa,30,FUL (H) 3 - 1,0,0,0,0,0,0,0,0,0,0,0,0,0,0,0.0,0.0,0.0,0.0,6,178,4.5
Carney Chukwuemeka,Midfielder,Aston Villa,30,FUL (H) 3 - 1,0,0,0,0,0,0,0,0,0,0,0,0,0,0,0.0,0.0,0.0,0.0,3,142,4.5
Jaden Philogene-Bidace,Midfielder,Aston Villa,30,FUL (H) 3 - 1,0,0,0,0,0,0,0,0,0,0,0,0,0,0,0.0,0.0,0.0,0.0,12,82,4.5
Mbwana Samatta,Forward,Aston Villa,30,FUL (H) 3 - 1,0,0,0,0,0,0,0,0,0,0,0,0,0,0,0.0,0.0,0.0,0.0,-8,2770,5.9
Indiana Vassilev,Forward,Aston Villa,30,FUL (H) 3 - 1,0,0,0,0,0,0,0,0,0,0,0,0,0,0,0.0,0.0,0.0,0.0,-337,41349,4.3
Christian Walton,Goalkeeper,Brighton,30,MUN (A) 2 - 1,0,0,0,0,0,0,0,0,0,0,0,0,0,0,0.0,0.0,0.0,0.0,-803,91597,4.0
Jason Steele,Goalkeeper,Brighton,30,MUN (A) 2 - 1,0,0,0,0,0,0,0,0,0,0,0,0,0,0,0.0,0.0,0.0,0.0,1147,59729,3.9
Thomas McGill,Goalkeeper,Brighton,30,MUN (A) 2 - 1,0,0,0,0,0,0,0,0,0,0,0,0,0,0,0.0,0.0,0.0,0.0,-329,29438,3.9
Shane Duffy,Defender,Brighton,30,MUN (A) 2 - 1,0,0,0,0,0,0,0,0,0,0,0,0,0,0,0.0,0.0,0.0,0.0,-5,2845,4.3
Martín Montoya,Defender,Brighton,30,MUN (A) 2 - 1,0,0,0,0,0,0,0,0,0,0,0,0,0,0,0.0,0.0,0.0,0.0,-1,588,4.5
Matthew Clarke,Defender,Brighton,30,MUN (A) 2 - 1,0,0,0,0,0,0,0,0,0,0,0,0,0,0,0.0,0.0,0.0,0.0,-1,346,4.4
Michal Karbownik,Defender,Brighton,30,MUN (A) 2 - 1,0,0,0,0,0,0,0,0,0,0,0,0,0,0,0.0,0.0,0.0,0.0,-111,719,4.5
Aaron Mooy,Midfielder,Brighton,30,MUN (A) 2 - 1,0,0,0,0,0,0,0,0,0,0,0,0,0,0,0.0,0.0,0.0,0.0,-2,830,5.0
Teddy Jenks,Midfielder,Brighton,30,MUN (A) 2 - 1,0,0,0,0,0,0,0,0,0,0,0,0,0,0,0.0,0.0,0.0,0.0,-1,226,4.5
Max Sanders,Midfielder,Brighton,30,MUN (A) 2 - 1,0,0,0,0,0,0,0,0,0,0,0,0,0,0,0.0,0.0,0.0,0.0,0,60,4.5
Jensen Weir,Midfielder,Brighton,30,MUN (A) 2 - 1,0,0,0,0,0,0,0,0,0,0,0,0,0,0,0.0,0.0,0.0,0.0,-4,346,4.5
Moisés Caicedo,Midfielder,Brighton,30,MUN (A) 2 - 1,0,0,0,0,0,0,0,0,0,0,0,0,0,0,0.0,0.0,0.0,0.0,-6,291,5.0
Glenn Murray,Forward,Brighton,30,MUN (A) 2 - 1,0,0,0,0,0,0,0,0,0,0,0,0,0,0,0.0,0.0,0.0,0.0,-21,6415,4.8
Florin Andone,Forward,Brighton,30,MUN (A) 2 - 1,0,0,0,0,0,0,0,0,0,0,0,0,0,0,0.0,0.0,0.0,0.0,-17,5290,4.8
Will Norris,Goalkeeper,Burnley,30,SOU (A) 3 - 2,0,0,0,0,0,0,0,0,0,0,0,0,0,0,0.0,0.0,0.0,0.0,-203,8702,4.0
Ben Gibson,Defender,Burnley,30,SOU (A) 3 - 2,0,0,0,0,0,0,0,0,0,0,0,0,0,0,0.0,0.0,0.0,0.0,-53,8237,3.9
Bobby Thomas,Defender,Burnley,30,SOU (A) 3 - 2,0,0,0,0,0,0,0,0,0,0,0,0,0,0,0.0,0.0,0.0,0.0,-407,36936,3.9
Anthony Driscoll-Glennon,Defender,Burnley,30,SOU (A) 3 - 2,0,0,0,0,0,0,0,0,0,0,0,0,0,0,0.0,0.0,0.0,0.0,-3,8029,3.9
Richard Nartey,Defender,Burnley,30,SOU (A) 3 - 2,0,0,0,0,0,0,0,0,0,0,0,0,0,0,0.0,0.0,0.0,0.0,75,1219,4.0
Mace Goodridge,Midfielder,Burnley,30,SOU (A) 3 - 2,0,0,0,0,0,0,0,0,0,0,0,0,0,0,0.0,0.0,0.0,0.0,-2,645,4.5
Anthony Mancini,Midfielder,Burnley,30,SOU (A) 3 - 2,0,0,0,0,0,0,0,0,0,0,0,0,0,0,0.0,0.0,0.0,0.0,12,637,4.4
Max Thompson,Forward,Burnley,30,SOU (A) 3 - 2,0,0,0,0,0,0,0,0,0,0,0,0,0,0,0.0,0.0,0.0,0.0,-172,9846,4.5
Karlo Ziger,Goalkeeper,Chelsea,30,WBA (H) 2 - 5,0,0,0,0,0,0,0,0,0,0,0,0,0,0,0.0,0.0,0.0,0.0,-952,52808,4.0
Fikayo Tomori,Defender,Chelsea,30,WBA (H) 2 - 5,0,0,0,0,0,0,0,0,0,0,0,0,0,0,0.0,0.0,0.0,0.0,-73,14894,4.7
Faustino Anjorin,Midfielder,Chelsea,30,WBA (H) 2 - 5,0,0,0,0,0,0,0,0,0,0,0,0,0,0,0.0,0.0,0.0,0.0,14,515,4.5
Wayne Hennessey,Goalkeeper,Crystal Palace,30,EVE (A) 1 - 1,0,0,0,0,0,0,0,0,0,0,0,0,0,0,0.0,0.0,0.0,0.0,10,22403,4.3
Stephen Henderson,Goalkeeper,Crystal Palace,30,EVE (A) 1 - 1,0,0,0,0,0,0,0,0,0,0,0,0,0,0,0.0,0.0,0.0,0.0,-502,36406,4.0
Jack Butland,Goalkeeper,Crystal Palace,30,EVE (A) 1 - 1,0,0,0,0,0,0,0,0,0,0,0,0,0,0,0.0,0.0,0.0,0.0,-12,4188,4.5
Martin Kelly,Defender,Crystal Palace,30,EVE (A) 1 - 1,0,0,0,0,0,0,0,0,0,0,0,0,0,0,0.0,0.0,0.0,0.0,-35,19017,4.1
Nathan Ferguson,Defender,Crystal Palace,30,EVE (A) 1 - 1,0,0,0,0,0,0,0,0,0,0,0,0,0,0,0.0,0.0,0.0,0.0,-300,43562,3.8
Sam Woods,Defender,Crystal Palace,30,EVE (A) 1 - 1,0,0,0,0,0,0,0,0,0,0,0,0,0,0,0.0,0.0,0.0,0.0,-314,34566,4.0
Ryan Inniss,Defender,Crystal Palace,30,EVE (A) 1 - 1,0,0,0,0,0,0,0,0,0,0,0,0,0,0,0.0,0.0,0.0,0.0,-9,3106,4.0
Reece Hannam,Defender,Crystal Palace,30,EVE (A) 1 - 1,0,0,0,0,0,0,0,0,0,0,0,0,0,0,0.0,0.0,0.0,0.0,19,454,4.0
Max Meyer,Midfielder,Crystal Palace,30,EVE (A) 1 - 1,0,0,0,0,0,0,0,0,0,0,0,0,0,0,0.0,0.0,0.0,0.0,-13,2442,4.7
Brandon Pierrick,Midfielder,Crystal Palace,30,EVE (A) 1 - 1,0,0,0,0,0,0,0,0,0,0,0,0,0,0,0.0,0.0,0.0,0.0,-65,6499,4.3
Connor Wickham,Forward,Crystal Palace,30,EVE (A) 1 - 1,0,0,0,0,0,0,0,0,0,0,0,0,0,0,0.0,0.0,0.0,0.0,-672,47723,4.4
Jonas Lössl,Goalkeeper,Everton,30,CRY (H) 1 - 1,0,0,0,0,0,0,0,0,0,0,0,0,0,0,0.0,0.0,0.0,0.0,-61,7552,4.3
Harry Tyrer,Goalkeeper,Everton,30,CRY (H) 1 - 1,0,0,0,0,0,0,0,0,0,0,0,0,0,0,0.0,0.0,0.0,0.0,20,234,4.0
Jarrad Branthwaite,Defender,Everton,30,CRY (H) 1 - 1,0,0,0,0,0,0,0,0,0,0,0,0,0,0,0.0,0.0,0.0,0.0,-1135,90559,3.9
Kyle John,Defender,Everton,30,CRY (H) 1 - 1,0,0,0,0,0,0,0,0,0,0,0,0,0,0,0.0,0.0,0.0,0.0,30,555,4.0
Ryan Astley,Defender,Everton,30,CRY (H) 1 - 1,0,0,0,0,0,0,0,0,0,0,0,0,0,0,0.0,0.0,0.0,0.0,18,441,4.0
Tyler Onyango,Midfielder,Everton,30,CRY (H) 1 - 1,0,0,0,0,0,0,0,0,0,0,0,0,0,0,0.0,0.0,0.0,0.0,3,254,4.5
Ellis Simms,Forward,Everton,30,CRY (H) 1 - 1,0,0,0,0,0,0,0,0,0,0,0,0,0,0,0.0,0.0,0.0,0.0,-60,4356,4.5
Fabricio Agosto Ramírez,Goalkeeper,Fulham,30,AVL (A) 3 - 1,0,0,0,0,0,0,0,0,0,0,0,0,0,0,0.0,0.0,0.0,0.0,-1764,181341,3.9
Marcus Bettinelli,Goalkeeper,Fulham,30,AVL (A) 3 - 1,0,0,0,0,0,0,0,0,0,0,0,0,0,0,0.0,0.0,0.0,0.0,-6,1952,4.3
Michael Hector,Defender,Fulham,30,AVL (A) 3 - 1,0,0,0,0,0,0,0,0,0,0,0,0,0,0,0.0,0.0,0.0,0.0,-61,10414,4.1
Cyrus Christie,Defender,Fulham,30,AVL (A) 3 - 1,0,0,0,0,0,0,0,0,0,0,0,0,0,0,0.0,0.0,0.0,0.0,-3,2132,4.2
Alfie Mawson,Defender,Fulham,30,AVL (A) 3 - 1,0,0,0,0,0,0,0,0,0,0,0,0,0,0,0.0,0.0,0.0,0.0,0,581,4.3
Zeze Steven Sessegnon,Defender,Fulham,30,AVL (A) 3 - 1,0,0,0,0,0,0,0,0,0,0,0,0,0,0,0.0,0.0,0.0,0.0,-4,2836,4.3
Kevin McDonald,Midfielder,Fulham,30,AVL (A) 3 - 1,0,0,0,0,0,0,0,0,0,0,0,0,0,0,0.0,0.0,0.0,0.0,-6,1542,4.7
Stefan Johansen,Midfielder,Fulham,30,AVL (A) 3 - 1,0,0,0,0,0,0,0,0,0,0,0,0,0,0,0.0,0.0,0.0,0.0,-1,1132,4.7
Anthony Knockaert,Midfielder,Fulham,30,AVL (A) 3 - 1,0,0,0,0,0,0,0,0,0,0,0,0,0,0,0.0,0.0,0.0,0.0,0,2355,5.0
Jean Michaël Seri,Midfielder,Fulham,30,AVL (A) 3 - 1,0,0,0,0,0,0,0,0,0,0,0,0,0,0,0.0,0.0,0.0,0.0,-4,2196,4.6
Danny Ward,Goalkeeper,Leicester,30,MCI (H) 0 - 2,0,0,0,0,0,0,0,0,0,0,0,0,0,0,0.0,0.0,0.0,0.0,-1,12984,4.3
Filip Benkovic,Defender,Leicester,30,MCI (H) 0 - 2,0,0,0,0,0,0,0,0,0,0,0,0,0,0,0.0,0.0,0.0,0.0,-2,1600,4.3
Vontae Daley-Campbell,Defender,Leicester,30,MCI (H) 0 - 2,0,0,0,0,0,0,0,0,0,0,0,0,0,0,0.0,0.0,0.0,0.0,50,1264,4.0
Adrien Silva,Midfielder,Leicester,30,MCI (H) 0 - 2,0,0,0,0,0,0,0,0,0,0,0,0,0,0,0.0,0.0,0.0,0.0,-38,16620,4.4
Matty James,Midfielder,Leicester,30,MCI (H) 0 - 2,0,0,0,0,0,0,0,0,0,0,0,0,0,0,0.0,0.0,0.0,0.0,-91,17608,4.3
Shane Flynn,Midfielder,Leicester,30,MCI (H) 0 - 2,0,0,0,0,0,0,0,0,0,0,0,0,0,0,0.0,0.0,0.0,0.0,41,119,4.5
Thanawat Suengchitthawon,Midfielder,Leicester,30,MCI (H) 0 - 2,0,0,0,0,0,0,0,0,0,0,0,0,0,0,0.0,0.0,0.0,0.0,0,0,4.5
Kamil Miazek,Goalkeeper,Leeds,30,SHU (H) 2 - 1,0,0,0,0,0,0,0,0,0,0,0,0,0,0,0.0,0.0,0.0,0.0,-592,66169,4.0
Elia Caprile,Goalkeeper,Leeds,30,SHU (H) 2 - 1,0,0,0,0,0,0,0,0,0,0,0,0,0,0,0.0,0.0,0.0,0.0,-298,19915,4.0
Barry Douglas,Defender,Leeds,30,SHU (H) 2 - 1,0,0,0,0,0,0,0,0,0,0,0,0,0,0,0.0,0.0,0.0,0.0,-2955,246436,3.8
Oliver Casey,Defender,Leeds,30,SHU (H) 2 - 1,0,0,0,0,0,0,0,0,0,0,0,0,0,0,0.0,0.0,0.0,0.0,1767,78393,3.8
Charlie Cresswell,Defender,Leeds,30,SHU (H) 2 - 1,0,0,0,0,0,0,0,0,0,0,0,0,0,0,0.0,0.0,0.0,0.0,-37,7065,4.0
Gaetano Berardi,Defender,Leeds,30,SHU (H) 2 - 1,0,0,0,0,0,0,0,0,0,0,0,0,0,0,0.0,0.0,0.0,0.0,20,316,4.0
Adam Forshaw,Midfielder,Leeds,30,SHU (H) 2 - 1,0,0,0,0,0,0,0,0,0,0,0,0,0,0,0.0,0.0,0.0,0.0,7,638,4.8
Jay-Roy Grot,Midfielder,Leeds,30,SHU (H) 2 - 1,0,0,0,0,0,0,0,0,0,0,0,0,0,0,0.0,0.0,0.0,0.0,-6,1375,4.7
Jordan Stevens,Midfielder,Leeds,30,SHU (H) 2 - 1,0,0,0,0,0,0,0,0,0,0,0,0,0,0,0.0,0.0,0.0,0.0,-133,29666,4.3
Mateusz Bogusz,Midfielder,Leeds,30,SHU (H) 2 - 1,0,0,0,0,0,0,0,0,0,0,0,0,0,0,0.0,0.0,0.0,0.0,-5,776,4.3
Jack Jenkins,Midfielder,Leeds,30,SHU (H) 2 - 1,0,0,0,0,0,0,0,0,0,0,0,0,0,0,0.0,0.0,0.0,0.0,-11,1188,4.5
Joe Gelhardt,Forward,Leeds,30,SHU (H) 2 - 1,0,0,0,0,0,0,0,0,0,0,0,0,0,0,0.0,0.0,0.0,0.0,-23,1285,4.5
Liam Hughes,Goalkeeper,Liverpool,30,ARS (A) 0 - 3,0,0,0,0,0,0,0,0,0,0,0,0,0,0,0.0,0.0,0.0,0.0,40,226,4.0
Jakub Ojrzynski,Goalkeeper,Liverpool,30,ARS (A) 0 - 3,0,0,0,0,0,0,0,0,0,0,0,0,0,0,0.0,0.0,0.0,0.0,42,188,4.0
Harry Wilson,Midfielder,Liverpool,30,ARS (A) 0 - 3,0,0,0,0,0,0,0,0,0,0,0,0,0,0,0.0,0.0,0.0,0.0,-1,1931,5.1
Harvey Elliott,Midfielder,Liverpool,30,ARS (A) 0 - 3,0,0,0,0,0,0,0,0,0,0,0,0,0,0,0.0,0.0,0.0,0.0,-27,6120,4.3
Leighton Clarkson,Midfielder,Liverpool,30,ARS (A) 0 - 3,0,0,0,0,0,0,0,0,0,0,0,0,0,0,0.0,0.0,0.0,0.0,5,512,4.5
Jake Cain,Midfielder,Liverpool,30,ARS (A) 0 - 3,0,0,0,0,0,0,0,0,0,0,0,0,0,0,0.0,0.0,0.0,0.0,7,437,4.5
Claudio Bravo,Goalkeeper,Man City,30,LEI (A) 0 - 2,0,0,0,0,0,0,0,0,0,0,0,0,0,0,0.0,0.0,0.0,0.0,-4,1655,4.5
James Trafford,Goalkeeper,Man City,30,LEI (A) 0 - 2,0,0,0,0,0,0,0,0,0,0,0,0,0,0,0.0,0.0,0.0,0.0,-94,6248,4.0
Scott Carson,Goalkeeper,Man City,30,LEI (A) 0 - 2,0,0,0,0,0,0,0,0,0,0,0,0,0,0,0.0,0.0,0.0,0.0,198,9617,3.9
Nicolás Otamendi,Defender,Man City,30,LEI (A) 0 - 2,0,0,0,0,0,0,0,0,0,0,0,0,0,0,0.0,0.0,0.0,0.0,-14,14908,4.9
Luke Mbete,Defender,Man City,30,LEI (A) 0 - 2,0,0,0,0,0,0,0,0,0,0,0,0,0,0,0.0,0.0,0.0,0.0,30,1715,4.0
Taylor Harwood-Bellis,Defender,Man City,30,LEI (A) 0 - 2,0,0,0,0,0,0,0,0,0,0,0,0,0,0,0.0,0.0,0.0,0.0,-6,416,4.0
Tommy Doyle,Midfielder,Man City,30,LEI (A) 0 - 2,0,0,0,0,0,0,0,0,0,0,0,0,0,0,0.0,0.0,0.0,0.0,-3,5853,4.4
Adrián Bernabé,Midfielder,Man City,30,LEI (A) 0 - 2,0,0,0,0,0,0,0,0,0,0,0,0,0,0,0.0,0.0,0.0,0.0,-1,997,4.5
Cole Palmer,Midfielder,Man City,30,LEI (A) 0 - 2,0,0,0,0,0,0,0,0,0,0,0,0,0,0,0.0,0.0,0.0,0.0,8,1224,4.4
Felix Nmecha,Midfielder,Man City,30,LEI (A) 0 - 2,0,0,0,0,0,0,0,0,0,0,0,0,0,0,0.0,0.0,0.0,0.0,-1,297,4.5
Claudio Gomes,Midfielder,Man City,30,LEI (A) 0 - 2,0,0,0,0,0,0,0,0,0,0,0,0,0,0,0.0,0.0,0.0,0.0,20,385,4.5
Sergio Romero,Goalkeeper,Man Utd,30,BHA (H) 2 - 1,0,0,0,0,0,0,0,0,0,0,0,0,0,0,0.0,0.0,0.0,0.0,-13,5600,4.9
Lee Grant,Goalkeeper,Man Utd,30,BHA (H) 2 - 1,0,0,0,0,0,0,0,0,0,0,0,0,0,0,0.0,0.0,0.0,0.0,-75,4704,4.0
Nathan Bishop,Goalkeeper,Man Utd,30,BHA (H) 2 - 1,0,0,0,0,0,0,0,0,0,0,0,0,0,0,0.0,0.0,0.0,0.0,48,140,4.0
Chris Smalling,Defender,Man Utd,30,BHA (H) 2 - 1,0,0,0,0,0,0,0,0,0,0,0,0,0,0,0.0,0.0,0.0,0.0,-9,6466,4.9
Marcos Rojo,Defender,Man Utd,30,BHA (H) 2 - 1,0,0,0,0,0,0,0,0,0,0,0,0,0,0,0.0,0.0,0.0,0.0,-12,3692,4.8
Phil Jones,Defender,Man Utd,30,BHA (H) 2 - 1,0,0,0,0,0,0,0,0,0,0,0,0,0,0,0.0,0.0,0.0,0.0,-3,2548,4.8
Timothy Fosu-Mensah,Defender,Man Utd,30,BHA (H) 2 - 1,0,0,0,0,0,0,0,0,0,0,0,0,0,0,0.0,0.0,0.0,0.0,-28,5595,4.3
José Diogo Dalot Teixeira,Defender,Man Utd,30,BHA (H) 2 - 1,0,0,0,0,0,0,0,0,0,0,0,0,0,0,0.0,0.0,0.0,0.0,-6,2142,4.8
Teden Mengi,Defender,Man Utd,30,BHA (H) 2 - 1,0,0,0,0,0,0,0,0,0,0,0,0,0,0,0.0,0.0,0.0,0.0,-575,48362,3.9
Andreas Pereira,Midfielder,Man Utd,30,BHA (H) 2 - 1,0,0,0,0,0,0,0,0,0,0,0,0,0,0,0.0,0.0,0.0,0.0,-5,2426,4.8
Tahith Chong,Midfielder,Man Utd,30,BHA (H) 2 - 1,0,0,0,0,0,0,0,0,0,0,0,0,0,0,0.0,0.0,0.0,0.0,-1,839,4.4
James Garner,Midfielder,Man Utd,30,BHA (H) 2 - 1,0,0,0,0,0,0,0,0,0,0,0,0,0,0,0.0,0.0,0.0,0.0,-13,3094,4.4
Facundo Pellistri,Midfielder,Man Utd,30,BHA (H) 2 - 1,0,0,0,0,0,0,0,0,0,0,0,0,0,0,0.0,0.0,0.0,0.0,-3,477,5.2
Amad Diallo,Midfielder,Man Utd,30,BHA (H) 2 - 1,0,0,0,0,0,0,0,0,0,0,0,0,0,0,0.0,0.0,0.0,0.0,-251,1698,5.4
Mark Gillespie,Goalkeeper,Newcastle,30,TOT (H) 2 - 2,0,0,0,0,0,0,0,0,0,0,0,0,0,0,0.0,0.0,0.0,0.0,-50,5908,4.3
Daniel Langley,Goalkeeper,Newcastle,30,TOT (H) 2 - 2,0,0,0,0,0,0,0,0,0,0,0,0,0,0,0.0,0.0,0.0,0.0,975,6718,3.9
Florian Lejeune,Defender,Newcastle,30,TOT (H) 2 - 2,0,0,0,0,0,0,0,0,0,0,0,0,0,0,0.0,0.0,0.0,0.0,-2,873,4.3
Kelland Watts,Defender,Newcastle,30,TOT (H) 2 - 2,0,0,0,0,0,0,0,0,0,0,0,0,0,0,0.0,0.0,0.0,0.0,-77,12435,3.9
Christian Atsu,Midfielder,Newcastle,30,TOT (H) 2 - 2,0,0,0,0,0,0,0,0,0,0,0,0,0,0,0.0,0.0,0.0,0.0,-9,2220,5.2
Rolando Aarons,Midfielder,Newcastle,30,TOT (H) 2 - 2,0,0,0,0,0,0,0,0,0,0,0,0,0,0,0.0,0.0,0.0,0.0,-9,2087,4.8
Yoshinori Muto,Forward,Newcastle,30,TOT (H) 2 - 2,0,0,0,0,0,0,0,0,0,0,0,0,0,0,0.0,0.0,0.0,0.0,-18,6906,4.8
Simon Moore,Goalkeeper,Sheffield Utd,30,LEE (A) 2 - 1,0,0,0,0,0,0,0,0,0,0,0,0,0,0,0.0,0.0,0.0,0.0,-27,7299,4.3
Wes Foderingham,Goalkeeper,Sheffield Utd,30,LEE (A) 2 - 1,0,0,0,0,0,0,0,0,0,0,0,0,0,0,0.0,0.0,0.0,0.0,249,8095,4.3
Michael Verrips,Goalkeeper,Sheffield Utd,30,LEE (A) 2 - 1,0,0,0,0,0,0,0,0,0,0,0,0,0,0,0.0,0.0,0.0,0.0,-459,19021,4.0
Kyron Gordon,Defender,Sheffield Utd,30,LEE (A) 2 - 1,0,0,0,0,0,0,0,0,0,0,0,0,0,0,0.0,0.0,0.0,0.0,247,1569,4.0
Luke Freeman,Midfielder,Sheffield Utd,30,LEE (A) 2 - 1,0,0,0,0,0,0,0,0,0,0,0,0,0,0,0.0,0.0,0.0,0.0,0,334,5.0
Zak Brunt,Midfielder,Sheffield Utd,30,LEE (A) 2 - 1,0,0,0,0,0,0,0,0,0,0,0,0,0,0,0.0,0.0,0.0,0.0,30,285,4.5
Frankie Maguire,Midfielder,Sheffield Utd,30,LEE (A) 2 - 1,0,0,0,0,0,0,0,0,0,0,0,0,0,0,0.0,0.0,0.0,0.0,271,546,4.4
Angus Gunn,Goalkeeper,Southampton,30,BUR (H) 3 - 2,0,0,0,0,0,0,0,0,0,0,0,0,0,0,0.0,0.0,0.0,0.0,-23,8137,4.3
Harry Lewis,Goalkeeper,Southampton,30,BUR (H) 3 - 2,0,0,0,0,0,0,0,0,0,0,0,0,0,0,0.0,0.0,0.0,0.0,-11,2711,4.0
Allan Tchaptchet,Defender,Southampton,30,BUR (H) 3 - 2,0,0,0,0,0,0,0,0,0,0,0,0,0,0,0.0,0.0,0.0,0.0,13,1362,4.0
Sofiane Boufal,Midfielder,Southampton,30,BUR (H) 3 - 2,0,0,0,0,0,0,0,0,0,0,0,0,0,0,0.0,0.0,0.0,0.0,-3,1714,5.4
Josh Sims,Midfielder,Southampton,30,BUR (H) 3 - 2,0,0,0,0,0,0,0,0,0,0,0,0,0,0,0.0,0.0,0.0,0.0,-38,6540,4.3
Kgaogelo Chauke,Midfielder,Southampton,30,BUR (H) 3 - 2,0,0,0,0,0,0,0,0,0,0,0,0,0,0,0.0,0.0,0.0,0.0,16,625,4.4
Will Ferry,Midfielder,Southampton,30,BUR (H) 3 - 2,0,0,0,0,0,0,0,0,0,0,0,0,0,0,0.0,0.0,0.0,0.0,6,260,4.5
Ryan Finnigan,Midfielder,Southampton,30,BUR (H) 3 - 2,0,0,0,0,0,0,0,0,0,0,0,0,0,0,0.0,0.0,0.0,0.0,7,210,4.5
Paulo Gazzaniga,Goalkeeper,Spurs,30,NEW (A) 2 - 2,0,0,0,0,0,0,0,0,0,0,0,0,0,0,0.0,0.0,0.0,0.0,-100,14918,4.3
Joe Hart,Goalkeeper,Spurs,30,NEW (A) 2 - 2,0,0,0,0,0,0,0,0,0,0,0,0,0,0,0.0,0.0,0.0,0.0,-109,45711,4.3
Danny Rose,Defender,Spurs,30,NEW (A) 2 - 2,0,0,0,0,0,0,0,0,0,0,0,0,0,0,0.0,0.0,0.0,0.0,-16,11069,4.7
Ryan Sessegnon,Defender,Spurs,30,NEW (A) 2 - 2,0,0,0,0,0,0,0,0,0,0,0,0,0,0,0.0,0.0,0.0,0.0,-8,5369,4.7
Juan Foyth,Defender,Spurs,30,NEW (A) 2 - 2,0,0,0,0,0,0,0,0,0,0,0,0,0,0,0.0,0.0,0.0,0.0,-11,4287,4.3
Cameron Carter-Vickers,Defender,Spurs,30,NEW (A) 2 - 2,0,0,0,0,0,0,0,0,0,0,0,0,0,0,0.0,0.0,0.0,0.0,-85,16189,3.9
Gedson Carvalho Fernandes,Midfielder,Spurs,30,NEW (A) 2 - 2,0,0,0,0,0,0,0,0,0,0,0,0,0,0,0.0,0.0,0.0,0.0,-25,4965,4.7
Oliver Skipp,Midfielder,Spurs,30,NEW (A) 2 - 2,0,0,0,0,0,0,0,0,0,0,0,0,0,0,0.0,0.0,0.0,0.0,-2,1496,4.4
Alfie Devine,Midfielder,Spurs,30,NEW (A) 2 - 2,0,0,0,0,0,0,0,0,0,0,0,0,0,0,0.0,0.0,0.0,0.0,46,780,4.4
Andy Lonergan,Goalkeeper,West Brom,30,CHE (A) 2 - 5,0,0,0,0,0,0,0,0,0,0,0,0,0,0,0.0,0.0,0.0,0.0,385,2860,4.0
Cedric Kipre,Defender,West Brom,30,CHE (A) 2 - 5,0,0,0,0,0,0,0,0,0,0,0,0,0,0,0.0,0.0,0.0,0.0,-16,3050,4.3
Jonathan Leko,Midfielder,West Brom,30,CHE (A) 2 - 5,0,0,0,0,0,0,0,0,0,0,0,0,0,0,0.0,0.0,0.0,0.0,-5,1630,4.5
Kenneth Zohore,Forward,West Brom,30,CHE (A) 2 - 5,0,0,0,0,0,0,0,0,0,0,0,0,0,0,0.0,0.0,0.0,0.0,-7,2402,4.8
Cheikh Diaby,Forward,West Brom,30,CHE (A) 2 - 5,0,0,0,0,0,0,0,0,0,0,0,0,0,0,0.0,0.0,0.0,0.0,526,8073,4.5
David Martin,Goalkeeper,West Ham,30,WOL (A) 2 - 3,0,0,0,0,0,0,0,0,0,0,0,0,0,0,0.0,0.0,0.0,0.0,-1597,443051,3.9
Roberto Jimenez Gago,Goalkeeper,West Ham,30,WOL (A) 2 - 3,0,0,0,0,0,0,0,0,0,0,0,0,0,0,0.0,0.0,0.0,0.0,-2,774,4.5
Nathan Trott,Goalkeeper,West Ham,30,WOL (A) 2 - 3,0,0,0,0,0,0,0,0,0,0,0,0,0,0,0.0,0.0,0.0,0.0,15,419,4.0
Frederik Alves,Defender,West Ham,30,WOL (A) 2 - 3,0,0,0,0,0,0,0,0,0,0,0,0,0,0,0.0,0.0,0.0,0.0,5,2725,4.0
Jamal Baptiste,Defender,West Ham,30,WOL (A) 2 - 3,0,0,0,0,0,0,0,0,0,0,0,0,0,0,0.0,0.0,0.0,0.0,14,780,4.0
Jack Wilshere,Midfielder,West Ham,30,WOL (A) 2 - 3,0,0,0,0,0,0,0,0,0,0,0,0,0,0,0.0,0.0,0.0,0.0,-9,3678,4.9
Conor Coventry,Midfielder,West Ham,30,WOL (A) 2 - 3,0,0,0,0,0,0,0,0,0,0,0,0,0,0,0.0,0.0,0.0,0.0,-2,235,4.5
Jordan Hugill,Forward,West Ham,30,WOL (A) 2 - 3,0,0,0,0,0,0,0,0,0,0,0,0,0,0,0.0,0.0,0.0,0.0,0,482,5.5
Albian Ajeti,Forward,West Ham,30,WOL (A) 2 - 3,0,0,0,0,0,0,0,0,0,0,0,0,0,0,0.0,0.0,0.0,0.0,-3,505,5.5
Ademipo Odubeko,Forward,West Ham,30,WOL (A) 2 - 3,0,0,0,0,0,0,0,0,0,0,0,0,0,0,0.0,0.0,0.0,0.0,-82,3371,4.5
Matija Sarkic,Goalkeeper,Wolves,30,WHU (H) 2 - 3,0,0,0,0,0,0,0,0,0,0,0,0,0,0,0.0,0.0,0.0,0.0,-19,6698,4.4
Andreas Söndergaard,Goalkeeper,Wolves,30,WHU (H) 2 - 3,0,0,0,0,0,0,0,0,0,0,0,0,0,0,0.0,0.0,0.0,0.0,-306,20959,4.0
Ryan Bennett,Defender,Wolves,30,WHU (H) 2 - 3,0,0,0,0,0,0,0,0,0,0,0,0,0,0,0.0,0.0,0.0,0.0,-28,8092,4.4
Lewis Richards,Defender,Wolves,30,WHU (H) 2 - 3,0,0,0,0,0,0,0,0,0,0,0,0,0,0,0.0,0.0,0.0,0.0,2,3029,4.0
Christian Marques,Defender,Wolves,30,WHU (H) 2 - 3,0,0,0,0,0,0,0,0,0,0,0,0,0,0,0.0,0.0,0.0,0.0,120,9438,3.9
Nigel Lonwijk,Defender,Wolves,30,WHU (H) 2 - 3,0,0,0,0,0,0,0,0,0,0,0,0,0,0,0.0,0.0,0.0,0.0,-3,1720,4.0
Hugo Bueno,Defender,Wolves,30,WHU (H) 2 - 3,0,0,0,0,0,0,0,0,0,0,0,0,0,0,0.0,0.0,0.0,0.0,36,1825,4.0
Bruno André Cavaco Jordao,Midfielder,Wolves,30,WHU (H) 2 - 3,0,0,0,0,0,0,0,0,0,0,0,0,0,0,0.0,0.0,0.0,0.0,-75,14302,4.3
Meritan Shabani,Midfielder,Wolves,30,WHU (H) 2 - 3,0,0,0,0,0,0,0,0,0,0,0,0,0,0,0.0,0.0,0.0,0.0,-23,2400,4.4
Theo Corbeanu,Midfielder,Wolves,30,WHU (H) 2 - 3,0,0,0,0,0,0,0,0,0,0,0,0,0,0,0.0,0.0,0.0,0.0,-1,429,4.5
Taylor Perry,Midfielder,Wolves,30,WHU (H) 2 - 3,0,0,0,0,0,0,0,0,0,0,0,0,0,0,0.0,0.0,0.0,0.0,13,852,4.5
Luke Cundle,Midfielder,Wolves,30,WHU (H) 2 - 3,0,0,0,0,0,0,0,0,0,0,0,0,0,0,0.0,0.0,0.0,0.0,16,1139,4.5
Léo Bonatini,Forward,Wolves,30,WHU (H) 2 - 3,0,0,0,0,0,0,0,0,0,0,0,0,0,0,0.0,0.0,0.0,0.0,-20,9181,4.8
Leonardo Campana,Forward,Wolves,30,WHU (H) 2 - 3,0,0,0,0,0,0,0,0,0,0,0,0,0,0,0.0,0.0,0.0,0.0,-87,24215,4.8
Neil Taylor,Defender,Aston Villa,30,FUL (H) 3 - 1,0,0,0,0,0,0,0,0,0,0,0,0,0,0,0.0,0.0,0.0,0.0,-63,14043,4.2
Alexandre Jankewitz,Midfielder,Southampton,30,BUR (H) 3 - 2,0,0,0,0,0,0,0,0,0,0,0,0,0,0,0.0,0.0,0.0,0.0,30,604,4.5
Kayne Ramsay,Defender,Southampton,30,BUR (H) 3 - 2,0,0,0,0,0,0,0,0,0,0,0,0,0,0,0.0,0.0,0.0,0.0,32,7107,4.0
